Id,MSSubClass,MSZoning,LotArea,Street,Alley,LotShape,LandContour,Utilities,LotConfig,LandSlope,Neighborhood,Condition1,Condition2,BldgType,HouseStyle,OverallQual,OverallCond,YearBuilt,YearRemodAdd,RoofStyle,RoofMatl,Exterior1st,Exterior2nd,MasVnrType,MasVnrArea,ExterQual,ExterCond,Foundation,BsmtQual,BsmtCond,BsmtExposure,BsmtFinType1,BsmtFinSF1,BsmtFinType2,BsmtFinSF2,BsmtUnfSF,TotalBsmtSF,Heating,HeatingQC,CentralAir,Electrical,1stFlrSF,2ndFlrSF,LowQualFinSF,GrLivArea,BsmtFullBath,BsmtHalfBath,FullBath,HalfBath,BedroomAbvGr,KitchenAbvGr,KitchenQual,TotRmsAbvGrd,Functional,Fireplaces,FireplaceQu,GarageType,GarageYrBlt,GarageFinish,GarageCars,GarageArea,GarageQual,GarageCond,PavedDrive,WoodDeckSF,OpenPorchSF,EnclosedPorch,3SsnPorch,ScreenPorch,PoolArea,PoolQC,Fence,MiscFeature,MiscVal,MoSold,YrSold,SaleType,SaleCondition,SalePrice
8,60,RL,10382,Pave,NA,IR1,Lvl,AllPub,Corner,Gtl,NWAmes,PosN,Norm,1Fam,2Story,7,6,1973,1973,Gable,CompShg,HdBoard,HdBoard,Stone,240,TA,TA,CBlock,Gd,TA,Mn,ALQ,859,BLQ,32,216,1107,GasA,Ex,Y,SBrkr,1107,983,0,2090,1,0,2,1,3,1,TA,7,Typ,2,TA,Attchd,1973,RFn,2,484,TA,TA,Y,235,204,228,0,0,0,NA,NA,Shed,350,11,2009,WD,Normal,200000
13,20,RL,12968,Pave,NA,IR2,Lvl,AllPub,Inside,Gtl,Sawyer,Norm,Norm,1Fam,1Story,5,6,1962,1962,Hip,CompShg,HdBoard,Plywood,None,0,TA,TA,CBlock,TA,TA,No,ALQ,737,Unf,0,175,912,GasA,TA,Y,SBrkr,912,0,0,912,1,0,1,0,2,1,TA,4,Typ,0,NA,Detchd,1962,Unf,1,352,TA,TA,Y,140,0,0,0,176,0,NA,NA,NA,0,9,2008,WD,Normal,144000
15,20,RL,10920,Pave,NA,IR1,Lvl,AllPub,Corner,Gtl,NAmes,Norm,Norm,1Fam,1Story,6,5,1960,1960,Hip,CompShg,MetalSd,MetalSd,BrkFace,212,TA,TA,CBlock,TA,TA,No,BLQ,733,Unf,0,520,1253,GasA,TA,Y,SBrkr,1253,0,0,1253,1,0,1,1,2,1,TA,5,Typ,1,Fa,Attchd,1960,RFn,1,352,TA,TA,Y,0,213,176,0,0,0,NA,GdWo,NA,0,5,2008,WD,Normal,157000
17,20,RL,11241,Pave,NA,IR1,Lvl,AllPub,CulDSac,Gtl,NAmes,Norm,Norm,1Fam,1Story,6,7,1970,1970,Gable,CompShg,Wd Sdng,Wd Sdng,BrkFace,180,TA,TA,CBlock,TA,TA,No,ALQ,578,Unf,0,426,1004,GasA,Ex,Y,SBrkr,1004,0,0,1004,1,0,1,0,2,1,TA,5,Typ,1,TA,Attchd,1970,Fin,2,480,TA,TA,Y,0,0,0,0,0,0,NA,NA,Shed,700,3,2010,WD,Normal,149000
25,20,RL,8246,Pave,NA,IR1,Lvl,AllPub,Inside,Gtl,Sawyer,Norm,Norm,1Fam,1Story,5,8,1968,2001,Gable,CompShg,Plywood,Plywood,None,0,TA,Gd,CBlock,TA,TA,Mn,Rec,188,ALQ,668,204,1060,GasA,Ex,Y,SBrkr,1060,0,0,1060,1,0,1,0,3,1,Gd,6,Typ,1,TA,Attchd,1968,Unf,1,270,TA,TA,Y,406,90,0,0,0,0,NA,MnPrv,NA,0,5,2010,WD,Normal,154000
32,20,RL,8544,Pave,NA,IR1,Lvl,AllPub,CulDSac,Gtl,Sawyer,Norm,Norm,1Fam,1Story,5,6,1966,2006,Gable,CompShg,HdBoard,HdBoard,None,0,TA,TA,CBlock,TA,TA,No,Unf,0,Unf,0,1228,1228,GasA,Gd,Y,SBrkr,1228,0,0,1228,0,0,1,1,3,1,Gd,6,Typ,0,NA,Attchd,1966,Unf,1,271,TA,TA,Y,0,65,0,0,0,0,NA,MnPrv,NA,0,6,2008,WD,Normal,149350
43,85,RL,9180,Pave,NA,IR1,Lvl,AllPub,CulDSac,Gtl,SawyerW,Norm,Norm,1Fam,SFoyer,5,7,1983,1983,Gable,CompShg,HdBoard,HdBoard,None,0,TA,TA,CBlock,Gd,TA,Av,ALQ,747,LwQ,93,0,840,GasA,Gd,Y,SBrkr,884,0,0,884,1,0,1,0,2,1,Gd,5,Typ,0,NA,Attchd,1983,RFn,2,504,TA,Gd,Y,240,0,0,0,0,0,NA,MnPrv,NA,0,12,2007,WD,Normal,144000
44,20,RL,9200,Pave,NA,IR1,Lvl,AllPub,CulDSac,Gtl,CollgCr,Norm,Norm,1Fam,1Story,5,6,1975,1980,Hip,CompShg,VinylSd,VinylSd,None,0,TA,TA,CBlock,Gd,TA,Av,LwQ,280,BLQ,491,167,938,GasA,TA,Y,SBrkr,938,0,0,938,1,0,1,0,3,1,TA,5,Typ,0,NA,Detchd,1977,Unf,1,308,TA,TA,Y,145,0,0,0,0,0,NA,MnPrv,NA,0,7,2008,WD,Normal,130250
51,60,RL,13869,Pave,NA,IR2,Lvl,AllPub,Corner,Gtl,Gilbert,Norm,Norm,1Fam,2Story,6,6,1997,1997,Gable,CompShg,VinylSd,VinylSd,None,0,TA,TA,PConc,Gd,TA,Av,GLQ,182,Unf,0,612,794,GasA,Gd,Y,SBrkr,794,676,0,1470,0,1,2,0,3,1,TA,6,Typ,0,NA,Attchd,1997,Fin,2,388,TA,TA,Y,0,75,0,0,0,0,NA,NA,NA,0,7,2007,WD,Normal,177000
65,60,RL,9375,Pave,NA,Reg,Lvl,AllPub,Inside,Gtl,CollgCr,Norm,Norm,1Fam,2Story,7,5,1997,1998,Gable,CompShg,VinylSd,VinylSd,BrkFace,573,TA,TA,PConc,Gd,TA,No,GLQ,739,Unf,0,318,1057,GasA,Ex,Y,SBrkr,1057,977,0,2034,1,0,2,1,3,1,Gd,8,Typ,0,NA,Attchd,1998,RFn,2,645,TA,TA,Y,576,36,0,0,0,0,NA,GdPrv,NA,0,2,2009,WD,Normal,219500
67,20,RL,19900,Pave,NA,Reg,Lvl,AllPub,Inside,Gtl,NAmes,PosA,Norm,1Fam,1Story,7,5,1970,1989,Gable,CompShg,Plywood,Plywood,BrkFace,287,TA,TA,CBlock,Gd,TA,Gd,GLQ,912,Unf,0,1035,1947,GasA,TA,Y,SBrkr,2207,0,0,2207,1,0,2,0,3,1,TA,7,Min1,1,Gd,Attchd,1970,RFn,2,576,TA,TA,Y,301,0,0,0,0,0,NA,NA,NA,0,7,2010,WD,Normal,180000
77,20,RL,8475,Pave,NA,IR1,Lvl,AllPub,Inside,Gtl,NAmes,Norm,Norm,1Fam,1Story,4,7,1956,1956,Gable,CompShg,VinylSd,VinylSd,None,0,TA,TA,CBlock,TA,TA,No,ALQ,228,Unf,0,724,952,GasA,Ex,Y,FuseA,952,0,0,952,0,0,1,0,2,1,TA,4,Typ,0,NA,Detchd,1956,Unf,1,283,TA,TA,Y,0,0,0,0,0,0,NA,NA,NA,0,4,2008,WD,Normal,135750
85,80,RL,8530,Pave,NA,IR1,Lvl,AllPub,Inside,Gtl,Gilbert,Norm,Norm,1Fam,SLvl,7,5,1995,1996,Gable,CompShg,HdBoard,HdBoard,BrkFace,22,TA,TA,PConc,Gd,TA,No,Unf,0,Unf,0,384,384,GasA,Gd,Y,SBrkr,804,670,0,1474,0,0,2,1,3,1,TA,7,Typ,1,TA,BuiltIn,1995,Fin,2,400,TA,TA,Y,120,72,0,0,0,0,NA,NA,Shed,700,5,2009,WD,Normal,168500
96,60,RL,9765,Pave,NA,IR2,Lvl,AllPub,Corner,Gtl,Gilbert,Norm,Norm,1Fam,2Story,6,8,1993,1993,Gable,CompShg,VinylSd,VinylSd,BrkFace,68,Ex,Gd,PConc,Gd,Gd,No,ALQ,310,Unf,0,370,680,GasA,Gd,Y,SBrkr,680,790,0,1470,0,0,2,1,3,1,TA,6,Typ,1,TA,BuiltIn,1993,Fin,2,420,TA,TA,Y,232,63,0,0,0,0,NA,NA,Shed,480,4,2009,WD,Normal,185000
101,20,RL,10603,Pave,NA,IR1,Lvl,AllPub,Inside,Gtl,NWAmes,Norm,Norm,1Fam,1Story,6,7,1977,2001,Gable,CompShg,Plywood,Plywood,BrkFace,28,TA,TA,PConc,TA,TA,Mn,ALQ,1200,Unf,0,410,1610,GasA,Gd,Y,SBrkr,1610,0,0,1610,1,0,2,0,3,1,Gd,6,Typ,2,TA,Attchd,1977,RFn,2,480,TA,TA,Y,168,68,0,0,0,0,NA,NA,NA,0,2,2010,WD,Normal,205000
105,50,RM,7758,Pave,NA,Reg,Lvl,AllPub,Corner,Gtl,IDOTRR,Norm,Norm,1Fam,1.5Fin,7,4,1931,1950,Gable,CompShg,Stucco,Stucco,BrkFace,600,TA,Fa,PConc,TA,TA,No,LwQ,224,Unf,0,816,1040,GasA,Ex,Y,FuseF,1226,592,0,1818,0,0,1,1,4,1,TA,7,Typ,2,TA,Detchd,1951,Unf,1,240,TA,TA,Y,0,0,0,0,184,0,NA,NA,NA,0,6,2007,WD,Normal,169500
112,80,RL,7750,Pave,NA,IR1,Lvl,AllPub,Inside,Gtl,Gilbert,Norm,Norm,1Fam,SLvl,7,5,2000,2000,Gable,CompShg,VinylSd,VinylSd,None,0,TA,TA,PConc,Gd,TA,No,GLQ,250,Unf,0,134,384,GasA,Ex,Y,SBrkr,774,656,0,1430,0,0,2,1,3,1,TA,7,Typ,1,TA,BuiltIn,2000,Fin,2,400,TA,TA,Y,180,0,0,0,0,0,NA,NA,NA,0,4,2010,WD,Normal,180000
114,20,RL,21000,Pave,NA,Reg,Bnk,AllPub,Corner,Gtl,Crawfor,Norm,Norm,1Fam,1Story,6,5,1953,1953,Hip,CompShg,Wd Sdng,Wd Sdng,BrkFace,184,TA,Gd,CBlock,Gd,TA,Mn,ALQ,35,Rec,869,905,1809,GasA,TA,Y,SBrkr,2259,0,0,2259,1,0,2,0,3,1,Gd,7,Typ,2,Gd,Basment,1953,Unf,2,450,TA,TA,Y,166,120,192,0,0,0,NA,MnPrv,NA,0,10,2007,COD,Abnorml,217000
117,20,RL,11616,Pave,NA,Reg,Lvl,AllPub,Inside,Gtl,Sawyer,Norm,Norm,1Fam,1Story,5,5,1962,1962,Gable,CompShg,Wd Sdng,Wd Sdng,BrkFace,116,TA,TA,CBlock,TA,TA,No,LwQ,170,BLQ,670,252,1092,GasA,TA,Y,SBrkr,1092,0,0,1092,0,1,1,0,3,1,TA,6,Typ,1,Po,Attchd,1962,Unf,1,288,TA,TA,Y,0,20,144,0,0,0,NA,NA,NA,0,9,2009,WD,Normal,139000
121,80,RL,21453,Pave,NA,IR1,Low,AllPub,CulDSac,Sev,ClearCr,Norm,Norm,1Fam,SLvl,6,5,1969,1969,Flat,Metal,Plywood,Plywood,None,0,TA,TA,CBlock,TA,TA,Gd,ALQ,938,Unf,0,0,938,GasA,Ex,Y,SBrkr,988,0,0,988,1,0,1,0,1,1,TA,4,Typ,2,TA,Attchd,1969,Unf,2,540,TA,TA,Y,0,130,0,130,0,0,NA,NA,NA,0,10,2006,WD,Normal,180000
127,120,RL,4928,Pave,NA,IR1,Lvl,AllPub,Inside,Gtl,NPkVill,Norm,Norm,TwnhsE,1Story,6,5,1976,1976,Gable,CompShg,Plywood,Plywood,None,0,TA,TA,CBlock,Gd,TA,No,ALQ,120,Unf,0,958,1078,GasA,TA,Y,SBrkr,958,0,0,958,0,0,2,0,2,1,TA,5,Typ,1,TA,Attchd,1977,RFn,2,440,TA,TA,Y,0,205,0,0,0,0,NA,NA,NA,0,2,2007,WD,Normal,128000
132,60,RL,12224,Pave,NA,IR1,Lvl,AllPub,Corner,Gtl,Gilbert,Norm,Norm,1Fam,2Story,6,5,2000,2000,Gable,CompShg,VinylSd,VinylSd,BrkFace,40,Gd,TA,PConc,Gd,TA,No,GLQ,695,Unf,0,297,992,GasA,Ex,Y,SBrkr,1022,1032,0,2054,1,0,2,1,3,1,Gd,7,Typ,1,TA,BuiltIn,2000,RFn,2,390,TA,TA,Y,24,48,0,0,0,0,NA,NA,NA,0,7,2009,WD,Normal,244000
134,20,RL,6853,Pave,NA,IR1,Lvl,AllPub,Inside,Gtl,Timber,Norm,Norm,1Fam,1Story,8,5,2001,2002,Gable,CompShg,VinylSd,VinylSd,BrkFace,136,Gd,TA,PConc,Ex,TA,No,GLQ,1005,Unf,0,262,1267,GasA,Ex,Y,SBrkr,1296,0,0,1296,1,0,2,0,2,1,Gd,6,Typ,0,NA,Attchd,2001,Fin,2,471,TA,TA,Y,192,25,0,0,0,0,NA,NA,NA,0,6,2009,WD,Normal,220000
137,20,RL,10355,Pave,NA,IR1,Lvl,AllPub,Corner,Gtl,NAmes,Norm,Norm,1Fam,1Story,5,5,1967,1967,Gable,CompShg,MetalSd,MetalSd,BrkFace,196,TA,TA,CBlock,TA,TA,No,BLQ,695,Unf,0,519,1214,GasA,TA,Y,SBrkr,1214,0,0,1214,0,0,2,0,3,1,TA,5,Typ,1,Fa,Attchd,1967,RFn,1,318,TA,TA,Y,0,111,0,0,0,0,NA,NA,NA,0,7,2007,WD,Normal,143000
148,60,RL,9505,Pave,NA,IR1,Lvl,AllPub,CulDSac,Gtl,Gilbert,Norm,Norm,1Fam,2Story,7,5,2001,2001,Gable,CompShg,VinylSd,VinylSd,BrkFace,180,Gd,TA,PConc,Gd,TA,No,Unf,0,Unf,0,884,884,GasA,Ex,Y,SBrkr,884,1151,0,2035,0,0,2,1,3,1,Gd,8,Typ,1,Gd,BuiltIn,2001,Fin,2,434,TA,TA,Y,144,48,0,0,0,0,NA,NA,NA,0,5,2010,WD,Normal,222500
150,50,RM,6240,Pave,NA,Reg,Lvl,AllPub,Inside,Gtl,BrkSide,Norm,Norm,1Fam,1.5Fin,5,4,1936,1950,Gable,CompShg,MetalSd,MetalSd,None,0,TA,TA,BrkTil,Gd,TA,No,Unf,0,Unf,0,896,896,GasA,Gd,Y,FuseA,896,448,0,1344,0,0,1,0,3,1,TA,7,Typ,0,NA,Detchd,1936,Unf,1,240,Fa,TA,Y,200,114,0,0,0,0,NA,NA,NA,0,4,2006,WD,Normal,115000
153,60,RL,14803,Pave,NA,IR1,Lvl,AllPub,CulDSac,Gtl,NWAmes,Norm,Norm,1Fam,2Story,6,5,1971,1971,Gable,CompShg,HdBoard,HdBoard,BrkFace,252,TA,TA,CBlock,TA,TA,No,Rec,416,Unf,0,409,825,GasA,Gd,Y,SBrkr,1097,896,0,1993,0,0,2,1,4,1,TA,8,Typ,1,Gd,Attchd,1971,RFn,2,495,TA,TA,Y,0,66,0,0,0,0,NA,GdWo,NA,0,6,2006,WD,Normal,190000
154,20,RL,13500,Pave,NA,Reg,Lvl,AllPub,Inside,Gtl,ClearCr,Norm,Norm,1Fam,1Story,6,7,1960,1975,Flat,CompShg,BrkFace,Plywood,None,0,TA,TA,CBlock,Gd,TA,Gd,BLQ,429,ALQ,1080,93,1602,GasA,Gd,Y,SBrkr,1252,0,0,1252,1,0,1,0,1,1,TA,4,Typ,1,Gd,Attchd,1960,RFn,2,564,TA,TA,Y,409,0,0,0,0,0,NA,NA,NA,0,3,2008,WD,Normal,235000
161,20,RL,11120,Pave,NA,IR1,Lvl,AllPub,CulDSac,Gtl,Veenker,Norm,Norm,1Fam,1Story,6,6,1984,1984,Gable,CompShg,Plywood,Plywood,None,0,TA,TA,PConc,Gd,TA,No,BLQ,660,Unf,0,572,1232,GasA,TA,Y,SBrkr,1232,0,0,1232,0,0,2,0,3,1,TA,6,Typ,0,NA,Attchd,1984,Unf,2,516,TA,TA,Y,0,0,0,0,0,0,NA,NA,NA,0,6,2008,WD,Normal,162500
167,20,RL,10708,Pave,NA,IR1,Lvl,AllPub,Inside,Gtl,ClearCr,Norm,Norm,1Fam,1Story,5,5,1955,1993,Hip,CompShg,Wd Sdng,Wd Sdng,None,0,Gd,TA,CBlock,TA,TA,No,LwQ,379,BLQ,768,470,1617,GasA,Ex,Y,FuseA,1867,0,0,1867,1,0,1,0,2,1,TA,7,Typ,3,Gd,Attchd,1955,Fin,1,303,TA,TA,Y,476,0,0,0,142,0,NA,GdWo,NA,0,11,2009,COD,Normal,190000
170,20,RL,16669,Pave,NA,IR1,Lvl,AllPub,Corner,Gtl,Timber,Norm,Norm,1Fam,1Story,8,6,1981,1981,Hip,WdShake,Plywood,Plywood,BrkFace,653,Gd,TA,CBlock,Gd,TA,No,Unf,0,Unf,0,1686,1686,GasA,TA,Y,SBrkr,1707,0,0,1707,0,0,2,1,2,1,TA,6,Typ,1,TA,Attchd,1981,RFn,2,511,TA,TA,Y,574,64,0,0,0,0,NA,NA,NA,0,1,2006,WD,Normal,228000
171,50,RM,12358,Pave,NA,IR1,Lvl,AllPub,Inside,Gtl,OldTown,Feedr,Norm,1Fam,1.5Fin,5,6,1941,1950,Gable,CompShg,MetalSd,MetalSd,None,0,TA,TA,CBlock,TA,TA,No,Rec,360,Unf,0,360,720,GasA,TA,Y,SBrkr,854,0,528,1382,0,0,1,1,2,1,TA,7,Typ,0,NA,Detchd,1991,Unf,2,660,TA,TA,Y,237,0,0,0,0,0,NA,NA,NA,0,5,2007,WD,Normal,128500
178,50,RL,13650,Pave,NA,Reg,Lvl,AllPub,Inside,Gtl,Sawyer,Norm,Norm,1Fam,1.5Fin,5,5,1958,1958,Gable,CompShg,MetalSd,MetalSd,None,0,Gd,Gd,CBlock,TA,TA,No,ALQ,57,BLQ,441,554,1052,GasA,Ex,Y,SBrkr,1252,668,0,1920,1,0,2,0,4,1,Gd,8,Typ,1,Gd,Attchd,1958,Unf,2,451,TA,TA,Y,0,0,0,0,0,0,NA,NA,NA,0,7,2006,WD,Normal,172500
181,160,FV,2117,Pave,NA,Reg,Lvl,AllPub,Inside,Gtl,Somerst,Norm,Norm,Twnhs,2Story,6,5,2000,2000,Gable,CompShg,MetalSd,MetalSd,BrkFace,456,Gd,TA,PConc,Gd,TA,No,GLQ,436,Unf,0,320,756,GasA,Ex,Y,SBrkr,769,756,0,1525,0,0,2,1,3,1,Gd,5,Typ,1,TA,Detchd,2000,Unf,2,440,TA,TA,Y,0,0,0,0,0,0,NA,NA,NA,0,6,2007,WD,Normal,177000
187,80,RL,9947,Pave,NA,IR1,Lvl,AllPub,CulDSac,Gtl,Mitchel,Norm,Norm,1Fam,SLvl,7,5,1990,1991,Gable,CompShg,HdBoard,HdBoard,None,0,TA,TA,PConc,Gd,TA,Av,GLQ,611,Unf,0,577,1188,GasA,Ex,Y,SBrkr,1217,0,0,1217,1,0,2,0,3,1,Gd,6,Typ,0,NA,Attchd,1990,Unf,2,497,TA,TA,Y,168,27,0,0,0,0,NA,GdPrv,NA,0,6,2009,WD,Normal,173000
192,60,RL,7472,Pave,NA,IR1,Lvl,AllPub,CulDSac,Gtl,NAmes,Norm,Norm,1Fam,2Story,7,9,1972,2004,Gable,CompShg,HdBoard,HdBoard,BrkFace,138,TA,TA,CBlock,TA,TA,No,ALQ,626,Unf,0,99,725,GasA,Gd,Y,SBrkr,725,754,0,1479,1,0,1,1,4,1,Gd,7,Typ,0,NA,Attchd,1972,Fin,2,484,TA,TA,Y,0,32,0,0,0,0,NA,NA,NA,0,6,2007,WD,Normal,184000
204,120,RM,4438,Pave,NA,Reg,Lvl,AllPub,Inside,Gtl,CollgCr,Norm,Norm,TwnhsE,1Story,6,5,2004,2004,Gable,CompShg,VinylSd,VinylSd,BrkFace,205,Gd,TA,PConc,Gd,TA,Av,GLQ,662,Unf,0,186,848,GasA,Ex,Y,SBrkr,848,0,0,848,1,0,1,0,1,1,Gd,3,Typ,1,Gd,Attchd,2004,RFn,2,420,TA,TA,Y,149,0,0,0,0,0,NA,NA,NA,0,1,2008,WD,Normal,149000
208,20,RL,12493,Pave,NA,IR1,Lvl,AllPub,Inside,Gtl,NAmes,Norm,Norm,1Fam,1Story,4,5,1960,1960,Gable,CompShg,Wd Sdng,Wd Sdng,None,0,TA,TA,PConc,TA,TA,No,ALQ,419,Rec,306,375,1100,GasA,TA,Y,SBrkr,1100,0,0,1100,1,0,1,0,3,1,TA,6,Typ,1,Po,Attchd,1960,RFn,1,312,TA,TA,Y,355,0,0,0,0,0,NA,GdWo,NA,0,4,2008,WD,Normal,141000
209,60,RL,14364,Pave,NA,IR1,Low,AllPub,Inside,Mod,SawyerW,Norm,Norm,1Fam,2Story,7,5,1988,1989,Gable,CompShg,Plywood,Plywood,BrkFace,128,Gd,TA,CBlock,Gd,TA,Gd,GLQ,1065,Unf,0,92,1157,GasA,Ex,Y,SBrkr,1180,882,0,2062,1,0,2,1,3,1,TA,7,Typ,1,Gd,Attchd,1988,Fin,2,454,TA,TA,Y,60,55,0,0,154,0,NA,NA,NA,0,4,2007,WD,Normal,277000
215,60,RL,10900,Pave,NA,IR1,Lvl,AllPub,FR2,Gtl,CollgCr,Norm,Norm,1Fam,2Story,6,7,1977,1977,Gable,CompShg,HdBoard,HdBoard,BrkFace,153,TA,TA,CBlock,Gd,TA,No,GLQ,378,Unf,0,311,689,GasA,Ex,Y,SBrkr,689,703,0,1392,0,0,1,1,3,1,TA,6,Typ,0,NA,Attchd,1977,Fin,1,299,TA,TA,Y,0,36,0,0,0,0,NA,MnPrv,Shed,450,3,2010,WD,Normal,161750
219,50,RL,15660,Pave,NA,IR1,Lvl,AllPub,Corner,Gtl,Crawfor,Norm,Norm,1Fam,1.5Fin,7,9,1939,2006,Gable,CompShg,VinylSd,VinylSd,BrkFace,312,Gd,Gd,CBlock,TA,TA,No,BLQ,341,Unf,0,457,798,GasA,Ex,Y,SBrkr,1137,817,0,1954,0,1,1,1,3,1,Gd,8,Typ,2,TA,Attchd,1939,Unf,2,431,TA,TA,Y,0,119,150,0,0,0,NA,NA,NA,0,5,2008,WD,Normal,311500
222,60,RL,8068,Pave,NA,IR1,Lvl,AllPub,Inside,Gtl,Gilbert,Norm,Norm,1Fam,2Story,6,5,2002,2002,Gable,CompShg,VinylSd,VinylSd,None,0,Gd,TA,PConc,Gd,TA,No,Unf,0,Unf,0,1010,1010,GasA,Ex,Y,SBrkr,1010,1257,0,2267,0,0,2,1,4,1,Gd,8,Typ,1,TA,BuiltIn,2002,RFn,2,390,TA,TA,Y,120,46,0,0,0,0,NA,NA,NA,0,12,2009,ConLI,Normal,200000
235,60,RL,7851,Pave,NA,Reg,Lvl,AllPub,Inside,Gtl,Gilbert,Norm,Norm,1Fam,2Story,6,5,2002,2002,Gable,CompShg,VinylSd,VinylSd,NA,NA,Gd,TA,PConc,Gd,TA,No,GLQ,625,Unf,0,235,860,GasA,Ex,Y,SBrkr,860,1100,0,1960,1,0,2,1,4,1,Gd,8,Typ,2,TA,BuiltIn,2002,Fin,2,440,TA,TA,Y,288,48,0,0,0,0,NA,NA,NA,0,5,2010,WD,Normal,216500
238,60,RL,9453,Pave,NA,IR1,Lvl,AllPub,CulDSac,Gtl,SawyerW,RRNe,Norm,1Fam,2Story,7,7,1993,2003,Gable,CompShg,HdBoard,HdBoard,None,0,Gd,TA,PConc,Gd,TA,No,BLQ,402,Unf,0,594,996,GasA,Ex,Y,SBrkr,1014,730,0,1744,0,0,2,1,3,1,Gd,7,Typ,0,NA,Attchd,1993,RFn,2,457,TA,TA,Y,370,70,0,238,0,0,NA,NA,NA,0,2,2010,WD,Normal,194500
245,60,RL,8880,Pave,NA,IR1,Lvl,AllPub,Inside,Gtl,SawyerW,Norm,Norm,1Fam,2Story,7,5,1994,2002,Gable,CompShg,VinylSd,VinylSd,None,0,Gd,TA,PConc,Gd,TA,No,GLQ,695,Unf,0,253,948,GasA,Ex,Y,SBrkr,1222,888,0,2110,1,0,2,1,3,1,Gd,8,Typ,2,Fa,Attchd,1994,RFn,2,463,TA,TA,Y,0,130,0,0,0,0,NA,NA,NA,0,5,2010,WD,Normal,205000
250,50,RL,159000,Pave,NA,IR2,Low,AllPub,CulDSac,Sev,ClearCr,Norm,Norm,1Fam,1.5Fin,6,7,1958,2006,Gable,CompShg,Wd Sdng,HdBoard,BrkCmn,472,Gd,TA,CBlock,Gd,TA,Gd,Rec,697,Unf,0,747,1444,GasA,Gd,Y,SBrkr,1444,700,0,2144,0,1,2,0,4,1,Gd,7,Typ,2,TA,Attchd,1958,Fin,2,389,TA,TA,Y,0,98,0,0,0,0,NA,NA,Shed,500,6,2007,WD,Normal,277000
270,20,RL,7917,Pave,NA,IR1,Lvl,AllPub,Corner,Gtl,Edwards,Norm,Norm,1Fam,1Story,6,7,1976,1976,Hip,CompShg,HdBoard,HdBoard,BrkFace,174,TA,Gd,CBlock,TA,Gd,No,BLQ,751,Unf,0,392,1143,GasA,TA,Y,SBrkr,1113,0,0,1113,1,0,1,1,3,1,TA,6,Typ,1,Fa,Attchd,1987,RFn,1,504,TA,Gd,Y,370,30,0,0,0,0,NA,GdPrv,NA,0,5,2007,WD,Normal,148000
288,20,RL,8125,Pave,NA,IR1,Lvl,AllPub,Corner,Gtl,NAmes,Norm,Norm,1Fam,1Story,4,4,1971,1971,Gable,CompShg,HdBoard,HdBoard,None,0,TA,TA,CBlock,TA,TA,No,BLQ,614,Unf,0,244,858,GasA,TA,Y,SBrkr,858,0,0,858,0,0,1,0,3,1,TA,5,Typ,0,NA,NA,NA,NA,0,0,NA,NA,Y,0,0,0,0,0,0,NA,NA,NA,0,6,2006,WD,Normal,88000
289,20,RL,9819,Pave,NA,IR1,Lvl,AllPub,Inside,Gtl,Sawyer,Norm,Norm,1Fam,1Story,5,5,1967,1967,Gable,CompShg,MetalSd,MetalSd,BrkFace,31,TA,Gd,CBlock,TA,TA,No,BLQ,450,Unf,0,432,882,GasA,TA,Y,SBrkr,900,0,0,900,0,0,1,0,3,1,TA,5,Typ,0,NA,Detchd,1970,Unf,1,280,TA,TA,Y,0,0,0,0,0,0,NA,MnPrv,NA,0,2,2010,WD,Normal,122000
294,60,RL,16659,Pave,NA,IR1,Lvl,AllPub,Corner,Gtl,NWAmes,PosA,Norm,1Fam,2Story,7,7,1977,1994,Gable,CompShg,Plywood,Plywood,BrkFace,34,TA,TA,CBlock,TA,TA,No,ALQ,795,Unf,0,0,795,GasA,Fa,Y,SBrkr,1468,795,0,2263,1,0,2,1,3,1,Gd,9,Typ,1,TA,Attchd,1977,Fin,2,539,TA,TA,Y,0,250,0,0,0,0,NA,NA,NA,0,3,2006,WD,Normal,235000
308,50,RM,7920,Pave,Grvl,IR1,Lvl,AllPub,Inside,Gtl,IDOTRR,Artery,Norm,1Fam,1.5Fin,6,7,1920,1950,Gable,CompShg,MetalSd,MetalSd,None,0,TA,Fa,CBlock,TA,TA,No,Unf,0,Unf,0,319,319,GasA,TA,Y,FuseA,1035,371,0,1406,0,0,1,0,3,1,Fa,6,Typ,0,NA,NA,NA,NA,0,0,NA,NA,N,0,144,0,0,0,0,NA,MnPrv,NA,0,3,2008,WD,Normal,89500
309,30,RL,12342,Pave,NA,IR1,Lvl,AllPub,Inside,Gtl,Edwards,Norm,Norm,1Fam,1Story,4,5,1940,1950,Gable,CompShg,VinylSd,VinylSd,None,0,TA,TA,CBlock,TA,TA,No,BLQ,262,Unf,0,599,861,GasA,Ex,Y,SBrkr,861,0,0,861,0,0,1,0,1,1,TA,4,Typ,0,NA,Detchd,1961,Unf,2,539,TA,TA,Y,158,0,0,0,0,0,NA,NA,NA,0,3,2009,WD,Normal,82500
311,60,RL,7685,Pave,NA,IR1,Lvl,AllPub,Inside,Gtl,Gilbert,Norm,Norm,1Fam,2Story,6,5,1993,1994,Gable,CompShg,HdBoard,HdBoard,BrkFace,112,TA,TA,PConc,Gd,TA,No,ALQ,518,Unf,0,179,697,GasA,Gd,Y,SBrkr,697,804,0,1501,0,0,2,1,3,1,Gd,6,Typ,1,TA,Attchd,1993,Fin,2,420,TA,TA,Y,190,63,0,0,0,0,NA,NA,NA,0,5,2006,WD,Normal,165600
320,80,RL,14115,Pave,NA,Reg,Lvl,AllPub,Inside,Gtl,NWAmes,Norm,Norm,1Fam,SLvl,7,5,1980,1980,Gable,CompShg,Plywood,Plywood,BrkFace,225,TA,TA,CBlock,Gd,TA,Av,GLQ,1036,Unf,0,336,1372,GasA,TA,Y,SBrkr,1472,0,0,1472,1,0,2,0,3,1,TA,6,Typ,2,TA,Attchd,1980,Unf,2,588,TA,TA,Y,233,48,0,0,0,0,NA,NA,NA,0,6,2009,WD,Normal,187500
329,75,RL,11888,Pave,Pave,IR1,Bnk,AllPub,Inside,Gtl,BrkSide,PosN,Norm,1Fam,2.5Unf,6,6,1916,1994,Gable,CompShg,Wd Sdng,Wd Shng,None,0,TA,TA,BrkTil,TA,TA,No,Unf,0,Unf,0,844,844,GasA,Gd,N,FuseA,1445,689,0,2134,0,0,2,0,5,1,Gd,10,Typ,0,NA,Detchd,1930,Unf,2,441,TA,TA,Y,0,60,268,0,0,0,NA,NA,NA,0,7,2009,WD,Normal,214500
331,90,RL,10624,Pave,NA,IR1,Lvl,AllPub,Inside,Gtl,NAmes,Norm,Norm,Duplex,1Story,5,4,1964,1964,Gable,CompShg,HdBoard,HdBoard,BrkFace,84,TA,TA,CBlock,TA,TA,No,GLQ,40,Rec,264,1424,1728,GasA,TA,Y,SBrkr,1728,0,0,1728,0,1,2,0,6,2,TA,10,Typ,0,NA,Detchd,2002,Unf,1,352,TA,TA,Y,155,0,0,0,0,0,NA,NA,NA,0,11,2007,WD,Normal,119000
336,190,RL,164660,Grvl,NA,IR1,HLS,AllPub,Corner,Sev,Timber,Norm,Norm,2fmCon,1.5Fin,5,6,1965,1965,Gable,CompShg,Plywood,Plywood,None,0,TA,TA,CBlock,TA,TA,Gd,ALQ,1249,BLQ,147,103,1499,GasA,Ex,Y,SBrkr,1619,167,0,1786,2,0,2,0,3,1,TA,7,Typ,2,Gd,Attchd,1965,Fin,2,529,TA,TA,Y,670,0,0,0,0,0,NA,NA,Shed,700,8,2008,WD,Normal,228950
343,90,RL,8544,Pave,NA,Reg,Lvl,AllPub,Inside,Gtl,NAmes,Norm,Norm,Duplex,1Story,3,4,1949,1950,Gable,CompShg,Stucco,Stucco,BrkFace,340,TA,TA,Slab,NA,NA,NA,NA,0,NA,0,0,0,Wall,Fa,N,FuseA,1040,0,0,1040,0,0,2,0,2,2,TA,6,Typ,0,NA,Detchd,1949,Unf,2,400,TA,TA,Y,0,0,0,0,0,0,NA,NA,NA,0,5,2006,WD,Normal,87500
347,20,RL,12772,Pave,NA,IR1,Lvl,AllPub,CulDSac,Gtl,NAmes,Norm,Norm,1Fam,1Story,6,8,1960,1998,Hip,CompShg,MetalSd,MetalSd,None,0,TA,Gd,CBlock,TA,TA,Mn,BLQ,498,Unf,0,460,958,GasA,TA,Y,SBrkr,958,0,0,958,0,0,1,0,2,1,TA,5,Typ,0,NA,Attchd,1960,RFn,1,301,TA,TA,Y,0,0,0,0,0,0,NA,NA,Gar2,15500,4,2007,WD,Normal,151500
348,20,RL,17600,Pave,NA,IR1,Lvl,AllPub,Inside,Gtl,NAmes,Norm,Norm,1Fam,1Story,6,5,1960,1960,Gable,CompShg,Wd Sdng,Wd Sdng,BrkFace,30,TA,TA,CBlock,TA,TA,No,BLQ,1270,Unf,0,208,1478,GasA,Ex,Y,FuseA,1478,0,0,1478,1,0,2,0,3,1,TA,6,Typ,2,Gd,Attchd,1960,Unf,2,498,TA,TA,Y,0,40,0,0,0,0,NA,NA,NA,0,12,2009,WD,Normal,157500
352,120,RL,5271,Pave,NA,IR1,Low,AllPub,Inside,Mod,ClearCr,Norm,Norm,1Fam,1Story,7,5,1986,1986,Gable,CompShg,Wd Sdng,Wd Sdng,None,0,TA,TA,PConc,Gd,TA,Gd,GLQ,1082,Unf,0,371,1453,GasA,Gd,Y,SBrkr,1453,0,0,1453,1,0,1,1,2,1,Gd,6,Typ,1,TA,Attchd,1986,RFn,2,445,TA,TA,Y,0,80,0,0,184,0,NA,NA,NA,0,12,2006,WD,Abnorml,190000
357,20,RL,9248,Pave,NA,IR1,Lvl,AllPub,Inside,Gtl,Gilbert,Norm,Norm,1Fam,1Story,6,6,1992,1992,Gable,CompShg,HdBoard,HdBoard,BrkFace,106,TA,TA,PConc,Gd,TA,No,GLQ,560,Unf,0,598,1158,GasA,Gd,Y,SBrkr,1167,0,0,1167,1,0,2,0,3,1,Gd,6,Typ,0,NA,Attchd,1992,RFn,2,400,TA,TA,Y,120,26,0,0,0,0,NA,NA,NA,0,7,2009,WD,Normal,173000
361,85,RL,7540,Pave,NA,IR1,Lvl,AllPub,CulDSac,Gtl,Mitchel,Norm,Norm,1Fam,SFoyer,6,6,1978,1978,Gable,CompShg,VinylSd,VinylSd,None,0,TA,TA,CBlock,Gd,TA,Av,GLQ,773,Unf,0,115,888,GasA,Ex,Y,SBrkr,912,0,0,912,1,0,1,0,2,1,TA,5,Typ,1,TA,Attchd,1978,RFn,2,470,TA,TA,Y,0,0,0,0,192,0,NA,MnPrv,NA,0,6,2007,WD,Normal,156000
362,50,RL,9144,Pave,Pave,Reg,Lvl,AllPub,Inside,Gtl,BrkSide,Norm,Norm,1Fam,1.5Fin,5,5,1940,1982,Gable,CompShg,MetalSd,MetalSd,None,0,TA,TA,CBlock,TA,TA,No,Rec,399,Unf,0,484,883,GasA,Gd,Y,SBrkr,988,517,0,1505,1,0,1,0,3,1,TA,8,Typ,0,NA,Detchd,1940,Unf,1,240,TA,TA,N,0,0,0,0,0,0,NA,NA,NA,0,7,2008,WD,Normal,145000
365,60,RL,18800,Pave,NA,IR1,Lvl,AllPub,FR2,Gtl,NWAmes,Norm,Norm,1Fam,2Story,6,5,1976,1976,Gable,CompShg,HdBoard,HdBoard,BrkFace,120,TA,TA,PConc,Gd,TA,Mn,GLQ,712,Unf,0,84,796,GasA,TA,Y,SBrkr,790,784,0,1574,1,0,2,1,3,1,TA,6,Typ,1,TA,Attchd,1976,Fin,2,566,TA,TA,Y,306,111,0,0,0,0,NA,NA,NA,0,7,2006,WD,Normal,190000
367,20,RL,9500,Pave,NA,IR1,Lvl,AllPub,Inside,Gtl,NAmes,Norm,Norm,1Fam,1Story,6,5,1963,1963,Gable,CompShg,Plywood,Plywood,BrkFace,247,TA,TA,CBlock,Gd,TA,No,BLQ,609,Unf,0,785,1394,GasA,Gd,Y,SBrkr,1394,0,0,1394,1,0,1,1,3,1,TA,6,Typ,2,Gd,Attchd,1963,RFn,2,514,TA,TA,Y,0,76,0,0,185,0,NA,NA,NA,0,7,2009,WD,Normal,159000
370,20,RL,9830,Pave,NA,IR1,Lvl,AllPub,Corner,Gtl,NAmes,Norm,Norm,1Fam,1Story,5,7,1959,2006,Gable,CompShg,Wd Sdng,Wd Sdng,None,0,TA,Gd,CBlock,TA,TA,No,ALQ,72,Rec,258,733,1063,GasA,Ex,Y,SBrkr,1287,0,0,1287,1,0,1,0,3,1,Gd,7,Typ,1,Gd,Detchd,1997,Fin,2,576,TA,TA,Y,364,17,0,0,182,0,NA,NA,NA,0,3,2010,WD,Normal,162000
371,60,RL,8121,Pave,NA,IR1,Lvl,AllPub,Inside,Gtl,Gilbert,Norm,Norm,1Fam,2Story,6,5,2000,2000,Gable,CompShg,VinylSd,VinylSd,None,0,TA,TA,PConc,Gd,TA,No,Unf,0,Unf,0,953,953,GasA,Ex,Y,SBrkr,953,711,0,1664,0,0,2,1,3,1,TA,7,Typ,1,TA,Attchd,2000,RFn,2,460,TA,TA,Y,100,40,0,0,0,0,NA,NA,NA,0,1,2006,WD,Normal,172400
376,30,RL,10020,Pave,NA,IR1,Low,AllPub,Inside,Sev,Edwards,Norm,Norm,1Fam,1Story,1,1,1922,1950,Gable,CompShg,Wd Sdng,Wd Sdng,None,0,Fa,Fa,BrkTil,Fa,Po,Gd,BLQ,350,Unf,0,333,683,GasA,Gd,N,FuseA,904,0,0,904,1,0,0,1,1,1,Fa,4,Maj1,0,NA,NA,NA,NA,0,0,NA,NA,Y,0,0,0,0,0,0,NA,NA,NA,0,3,2009,WD,Normal,61000
385,60,RL,53107,Pave,NA,IR2,Low,AllPub,Corner,Mod,ClearCr,Feedr,Norm,1Fam,2Story,6,5,1992,1992,Gable,CompShg,HdBoard,HdBoard,None,0,Gd,TA,PConc,Gd,TA,Av,GLQ,985,Unf,0,595,1580,GasA,Ex,Y,SBrkr,1079,874,0,1953,1,0,2,1,3,1,Gd,9,Typ,2,Fa,Attchd,1992,Fin,2,501,TA,TA,Y,216,231,0,0,0,0,NA,NA,NA,0,6,2007,WD,Normal,240000
393,20,RL,8339,Pave,NA,IR1,Lvl,AllPub,Inside,Gtl,NAmes,Norm,Norm,1Fam,1Story,5,7,1959,1959,Gable,CompShg,MetalSd,MetalSd,None,0,TA,TA,Slab,NA,NA,NA,NA,0,NA,0,0,0,GasA,TA,Y,SBrkr,882,0,0,882,0,0,1,0,3,1,TA,5,Typ,0,NA,Attchd,1959,RFn,1,294,TA,TA,Y,0,0,0,0,0,0,NA,MnPrv,Shed,1200,7,2007,WD,Normal,106500
394,30,RL,7446,Pave,NA,Reg,Lvl,AllPub,Corner,Gtl,BrkSide,Feedr,Norm,1Fam,1Story,4,5,1941,1950,Gable,CompShg,WdShing,Wd Shng,None,0,TA,TA,CBlock,TA,TA,No,Rec,266,Unf,0,522,788,GasA,TA,Y,FuseA,788,0,0,788,0,0,1,0,2,1,TA,4,Typ,2,TA,NA,NA,NA,0,0,NA,NA,Y,0,0,0,0,0,0,NA,GdWo,NA,0,4,2006,WD,Abnorml,100000
405,60,RL,10364,Pave,NA,IR1,Lvl,AllPub,Inside,Gtl,Gilbert,Norm,Norm,1Fam,2Story,6,5,1995,1996,Gable,CompShg,MetalSd,MetalSd,None,0,TA,TA,PConc,Gd,TA,No,Unf,0,Unf,0,806,806,GasA,Gd,Y,SBrkr,806,766,0,1572,0,0,2,1,3,1,TA,7,Typ,1,TA,BuiltIn,1995,Fin,2,373,TA,TA,Y,0,40,0,0,0,0,NA,NA,NA,0,5,2007,WD,Normal,168000
406,20,RL,9991,Pave,NA,IR1,Lvl,AllPub,Corner,Gtl,Sawyer,Feedr,Norm,1Fam,1Story,4,4,1976,1993,Gable,CompShg,Plywood,Plywood,None,0,TA,TA,CBlock,TA,TA,No,BLQ,1116,Unf,0,165,1281,GasA,Ex,Y,SBrkr,1620,0,0,1620,1,0,2,0,3,1,TA,8,Min1,1,TA,Attchd,1993,Unf,2,490,TA,TA,Y,120,78,0,0,0,0,NA,GdWo,NA,0,6,2009,WD,Normal,150000
413,20,FV,4403,Pave,NA,IR2,Lvl,AllPub,Inside,Gtl,Somerst,Norm,Norm,1Fam,1Story,7,5,2009,2009,Gable,CompShg,MetalSd,MetalSd,Stone,432,Ex,TA,PConc,Ex,TA,Av,GLQ,578,Unf,0,892,1470,GasA,Ex,Y,SBrkr,1478,0,0,1478,1,0,2,1,2,1,Gd,7,Typ,1,Gd,Attchd,2009,Fin,2,484,TA,TA,Y,0,144,0,0,0,0,NA,NA,NA,0,6,2010,New,Partial,222000
422,20,RL,16635,Pave,NA,IR1,Lvl,AllPub,FR2,Gtl,NWAmes,Norm,Norm,1Fam,1Story,6,7,1977,2000,Gable,CompShg,CemntBd,CmentBd,Stone,126,Gd,TA,CBlock,Gd,TA,No,ALQ,1246,Unf,0,356,1602,GasA,Gd,Y,SBrkr,1602,0,0,1602,0,1,2,0,3,1,Gd,8,Typ,1,TA,Attchd,1977,Fin,2,529,TA,TA,Y,240,0,0,0,0,0,NA,NA,NA,0,6,2009,WD,Normal,215000
427,80,RL,12800,Pave,NA,Reg,Low,AllPub,Inside,Mod,SawyerW,Norm,Norm,1Fam,SLvl,7,5,1989,1989,Gable,CompShg,Wd Sdng,Wd Sdng,BrkFace,145,Gd,TA,PConc,Gd,TA,Gd,GLQ,1518,Unf,0,0,1518,GasA,Gd,Y,SBrkr,1644,0,0,1644,1,1,2,0,2,1,Gd,5,Typ,1,TA,Attchd,1989,Fin,2,569,TA,TA,Y,80,0,0,0,396,0,NA,NA,NA,0,8,2009,WD,Normal,275000
448,60,RL,11214,Pave,NA,IR1,Lvl,AllPub,Corner,Gtl,Gilbert,Norm,Norm,1Fam,2Story,7,5,1998,1999,Gable,CompShg,VinylSd,VinylSd,None,0,Gd,TA,PConc,Gd,TA,No,Unf,0,Unf,0,930,930,GasA,Gd,Y,SBrkr,956,930,0,1886,0,0,2,1,4,1,Gd,10,Typ,1,TA,Attchd,1998,Fin,2,431,TA,TA,Y,89,0,0,0,0,0,NA,NA,NA,0,7,2006,WD,Normal,199900
453,60,RL,9303,Pave,NA,IR1,Lvl,AllPub,Corner,Gtl,Timber,Norm,Norm,1Fam,2Story,6,5,1996,1997,Hip,CompShg,VinylSd,VinylSd,BrkFace,42,Gd,TA,PConc,Ex,TA,No,ALQ,742,Unf,0,130,872,GasA,Ex,Y,SBrkr,888,868,0,1756,1,0,2,1,3,1,TA,7,Typ,0,NA,Attchd,1996,Fin,2,422,TA,TA,Y,144,122,0,0,0,0,NA,NA,NA,0,7,2007,WD,Normal,204000
458,20,RL,53227,Pave,NA,IR1,Low,AllPub,CulDSac,Mod,ClearCr,Norm,Norm,1Fam,1Story,4,6,1954,1994,Flat,Tar&Grv,Plywood,Plywood,None,0,TA,TA,CBlock,Gd,TA,Gd,BLQ,1116,Unf,0,248,1364,GasA,Ex,Y,SBrkr,1663,0,0,1663,1,0,1,0,2,1,Gd,6,Min1,2,Gd,Attchd,1954,Fin,2,529,TA,TA,Y,224,137,0,0,0,0,NA,NA,NA,0,3,2008,WD,Normal,256000
459,70,RM,5100,Pave,Grvl,Reg,Lvl,AllPub,Inside,Gtl,OldTown,Norm,Norm,1Fam,2Story,8,7,1925,1996,Hip,CompShg,Stucco,Wd Shng,None,0,TA,Gd,PConc,TA,TA,No,Unf,0,Unf,0,588,588,GasA,Fa,Y,SBrkr,833,833,0,1666,0,0,1,0,3,1,Gd,7,Typ,1,Gd,Detchd,1925,Unf,1,228,TA,TA,Y,192,63,0,0,0,0,NA,MnPrv,NA,0,6,2008,WD,Normal,161000
460,50,RL,7015,Pave,NA,IR1,Bnk,AllPub,Corner,Gtl,BrkSide,Norm,Norm,1Fam,1.5Fin,5,4,1950,1950,Gable,CompShg,MetalSd,MetalSd,BrkCmn,161,TA,TA,CBlock,TA,TA,No,LwQ,185,Unf,0,524,709,GasA,TA,Y,SBrkr,979,224,0,1203,1,0,1,0,3,1,Gd,5,Typ,1,TA,Detchd,1950,Unf,1,352,TA,TA,Y,0,0,248,0,0,0,NA,NA,NA,0,7,2009,WD,Normal,110000
466,120,RM,3072,Pave,NA,Reg,Lvl,AllPub,Inside,Gtl,Blmngtn,Norm,Norm,TwnhsE,1Story,7,5,2004,2004,Hip,CompShg,VinylSd,VinylSd,BrkFace,18,Gd,TA,PConc,Gd,TA,No,Unf,0,Unf,0,1375,1375,GasA,Ex,Y,SBrkr,1414,0,0,1414,0,0,2,0,2,1,Gd,6,Typ,1,TA,Attchd,2004,Fin,2,398,TA,TA,Y,144,20,0,0,0,0,NA,NA,NA,0,5,2006,WD,Normal,178740
471,120,RL,6820,Pave,NA,IR1,Lvl,AllPub,Corner,Gtl,StoneBr,Norm,Norm,TwnhsE,1Story,8,5,1985,1985,Gable,CompShg,HdBoard,HdBoard,None,0,Gd,TA,PConc,Gd,TA,Av,GLQ,368,BLQ,1120,0,1488,GasA,TA,Y,SBrkr,1502,0,0,1502,1,0,1,1,1,1,Gd,4,Typ,0,NA,Attchd,1985,RFn,2,528,TA,TA,Y,0,54,0,0,140,0,NA,NA,NA,0,6,2010,WD,Normal,212000
485,20,RL,7758,Pave,NA,IR1,Lvl,AllPub,Corner,Gtl,Sawyer,Norm,Norm,1Fam,1Story,5,7,1962,2001,Gable,CompShg,HdBoard,Plywood,None,0,TA,Gd,CBlock,TA,TA,No,ALQ,588,Unf,0,411,999,GasA,Gd,Y,SBrkr,999,0,0,999,1,0,1,0,3,1,Gd,6,Typ,0,NA,Detchd,1963,Unf,1,264,TA,TA,Y,0,132,0,0,0,0,NA,NA,NA,0,3,2007,WD,Normal,132500
491,160,RM,2665,Pave,NA,Reg,Lvl,AllPub,Inside,Gtl,MeadowV,Norm,Norm,TwnhsE,2Story,5,6,1976,1976,Gable,CompShg,CemntBd,CmentBd,None,0,TA,TA,PConc,Gd,TA,Mn,Unf,0,Unf,0,264,264,GasA,TA,Y,SBrkr,616,688,0,1304,0,0,1,1,3,1,TA,4,Typ,1,Gd,BuiltIn,1976,Fin,1,336,TA,TA,Y,141,24,0,0,0,0,NA,NA,NA,0,6,2008,WD,Normal,115000
497,20,RL,12692,Pave,NA,IR1,Lvl,AllPub,Inside,Gtl,NoRidge,Norm,Norm,1Fam,1Story,8,5,1992,1993,Hip,CompShg,BrkFace,BrkFace,None,0,Gd,TA,PConc,Gd,TA,No,GLQ,1231,Unf,0,1969,3200,GasA,Ex,Y,SBrkr,3228,0,0,3228,1,0,3,0,4,1,Gd,10,Typ,1,Gd,Attchd,1992,RFn,2,546,TA,TA,Y,264,75,291,0,0,0,NA,NA,NA,0,5,2007,WD,Normal,430000
517,80,RL,10448,Pave,NA,IR1,Lvl,AllPub,Corner,Gtl,NWAmes,Norm,Norm,1Fam,SLvl,6,6,1972,1972,Gable,CompShg,HdBoard,HdBoard,BrkFace,333,TA,TA,CBlock,TA,TA,No,Unf,0,Unf,0,689,689,GasA,TA,Y,SBrkr,1378,741,0,2119,0,0,2,1,3,1,TA,7,Typ,1,TA,Attchd,1972,RFn,2,583,TA,TA,Y,0,104,0,0,0,0,NA,GdPrv,NA,0,8,2009,COD,Abnorml,158000
519,60,RL,9531,Pave,NA,IR1,Lvl,AllPub,CulDSac,Gtl,CollgCr,Norm,Norm,1Fam,2Story,6,5,1998,1998,Gable,CompShg,VinylSd,VinylSd,None,0,TA,TA,PConc,Gd,TA,Mn,GLQ,706,Unf,0,88,794,GasA,Ex,Y,SBrkr,882,914,0,1796,1,0,2,1,3,1,TA,7,Typ,0,NA,Attchd,1998,RFn,2,546,TA,TA,Y,0,36,0,0,0,0,NA,MnPrv,NA,0,5,2007,WD,Normal,211000
530,20,RL,32668,Pave,NA,IR1,Lvl,AllPub,CulDSac,Gtl,Crawfor,Norm,Norm,1Fam,1Story,6,3,1957,1975,Hip,CompShg,Wd Sdng,Stone,NA,NA,Gd,TA,PConc,TA,TA,No,Rec,1219,Unf,0,816,2035,GasA,TA,Y,SBrkr,2515,0,0,2515,1,0,3,0,4,2,TA,9,Maj1,2,TA,Attchd,1975,RFn,2,484,TA,TA,Y,0,0,200,0,0,0,NA,NA,NA,0,3,2007,WD,Alloca,200624
538,20,RL,12735,Pave,NA,IR1,Lvl,AllPub,FR2,Gtl,NAmes,Norm,Norm,1Fam,1Story,4,5,1972,1972,Hip,CompShg,MetalSd,MetalSd,None,0,TA,TA,CBlock,TA,TA,No,BLQ,600,Unf,0,264,864,GasA,TA,Y,SBrkr,864,0,0,864,0,0,1,0,3,1,TA,5,Typ,0,NA,Detchd,1980,Unf,2,576,TA,TA,Y,216,0,0,0,0,0,NA,MnWw,NA,0,4,2008,COD,Normal,111250
539,20,RL,11553,Pave,NA,IR1,Lvl,AllPub,Inside,Gtl,Sawyer,Norm,Norm,1Fam,1Story,5,5,1968,1968,Hip,CompShg,Plywood,Plywood,BrkFace,188,TA,TA,CBlock,TA,TA,No,BLQ,673,Unf,0,378,1051,GasA,TA,Y,SBrkr,1159,0,0,1159,0,0,1,1,3,1,TA,7,Typ,1,Fa,Attchd,1968,Unf,1,336,TA,TA,Y,466,0,0,0,0,0,NA,NA,NA,0,7,2006,WD,Normal,158000
540,20,RL,11423,Pave,NA,Reg,Lvl,AllPub,Inside,Gtl,CollgCr,Norm,Norm,1Fam,1Story,8,5,2001,2002,Gable,CompShg,VinylSd,VinylSd,BrkFace,479,Gd,TA,PConc,Gd,TA,Av,GLQ,1358,Unf,0,223,1581,GasA,Ex,Y,SBrkr,1601,0,0,1601,1,0,2,0,3,1,Gd,6,Typ,1,TA,Attchd,2001,RFn,2,670,TA,TA,Y,180,0,0,0,0,0,NA,MnPrv,Shed,2000,5,2010,WD,Normal,272000
542,60,RL,11000,Pave,NA,Reg,Lvl,AllPub,FR2,Gtl,NoRidge,Norm,Norm,1Fam,2Story,8,5,2000,2000,Gable,CompShg,VinylSd,VinylSd,BrkFace,72,Gd,TA,PConc,Gd,TA,No,Unf,0,Unf,0,969,969,GasA,Ex,Y,SBrkr,997,1288,0,2285,0,0,2,1,4,1,Gd,8,Typ,1,TA,BuiltIn,2000,Fin,3,648,TA,TA,Y,0,56,0,0,0,0,NA,NA,NA,0,6,2007,WD,Normal,248000
546,50,RL,13837,Pave,NA,IR1,Lvl,AllPub,Corner,Gtl,NWAmes,Norm,Norm,1Fam,1.5Fin,7,5,1988,1988,Gable,CompShg,HdBoard,HdBoard,BrkFace,178,Gd,Gd,PConc,Gd,Gd,No,GLQ,1002,LwQ,202,0,1204,GasA,Gd,Y,SBrkr,1377,806,0,2183,0,0,2,1,4,1,Gd,9,Typ,0,NA,Attchd,1988,Unf,3,786,TA,TA,Y,0,0,0,0,0,0,NA,NA,NA,0,2,2006,WD,Normal,229000
560,120,RL,3196,Pave,NA,Reg,Lvl,AllPub,Inside,Gtl,Blmngtn,Norm,Norm,TwnhsE,1Story,7,5,2003,2004,Gable,CompShg,VinylSd,VinylSd,BrkFace,18,Gd,TA,PConc,Gd,TA,Gd,Unf,0,Unf,0,1374,1374,GasA,Ex,Y,SBrkr,1557,0,0,1557,0,0,2,0,2,1,Gd,7,Typ,1,TA,Attchd,2003,Fin,2,420,TA,TA,Y,143,20,0,0,0,0,NA,NA,NA,0,10,2006,WD,Normal,234000
561,20,RL,11341,Pave,NA,IR1,Lvl,AllPub,Inside,Gtl,Sawyer,Norm,Norm,1Fam,1Story,5,6,1957,1996,Hip,CompShg,Wd Sdng,Wd Sdng,BrkFace,180,TA,TA,CBlock,Gd,TA,No,ALQ,1302,Unf,0,90,1392,GasA,TA,Y,SBrkr,1392,0,0,1392,1,0,1,1,3,1,TA,5,Mod,1,Gd,Detchd,1957,Unf,2,528,TA,TA,Y,0,0,0,0,95,0,NA,NA,NA,0,5,2010,WD,Normal,121500
565,60,RL,13346,Pave,NA,IR1,Lvl,AllPub,CulDSac,Gtl,NoRidge,Norm,Norm,1Fam,2Story,7,5,1992,2000,Gable,CompShg,HdBoard,HdBoard,None,0,Gd,TA,PConc,Gd,TA,No,GLQ,728,Unf,0,367,1095,GasA,Ex,Y,SBrkr,1166,1129,0,2295,1,0,2,1,4,1,Gd,9,Typ,1,TA,Attchd,1992,RFn,2,590,TA,TA,Y,0,40,0,0,0,0,NA,NA,NA,0,7,2006,WD,Normal,268000
570,90,RL,7032,Pave,NA,IR1,Lvl,AllPub,Corner,Gtl,NAmes,Norm,Norm,Duplex,SFoyer,5,5,1979,1979,Gable,CompShg,MetalSd,MetalSd,None,0,TA,TA,CBlock,Gd,TA,Gd,GLQ,943,Unf,0,0,943,GasA,TA,Y,SBrkr,943,0,0,943,1,0,1,0,2,1,TA,4,Typ,2,TA,Detchd,1979,Unf,2,600,TA,TA,Y,42,0,0,0,0,0,NA,NA,NA,0,12,2006,WD,Normal,135960
581,20,RL,14585,Pave,NA,IR1,Lvl,AllPub,CulDSac,Gtl,NAmes,Norm,Norm,1Fam,1Story,6,6,1960,1987,Gable,CompShg,Wd Sdng,Wd Sdng,BrkFace,85,TA,TA,CBlock,TA,TA,No,BLQ,594,Rec,219,331,1144,GasA,Ex,Y,SBrkr,1429,0,0,1429,0,1,1,0,3,1,Gd,7,Typ,2,Gd,Attchd,1960,Unf,2,572,TA,TA,Y,216,110,0,0,0,0,NA,NA,NA,0,6,2007,WD,Normal,181900
594,120,RM,4435,Pave,NA,Reg,Lvl,AllPub,Inside,Gtl,CollgCr,Norm,Norm,TwnhsE,1Story,6,5,2003,2003,Gable,CompShg,VinylSd,VinylSd,BrkFace,170,Gd,TA,PConc,Gd,TA,Av,GLQ,685,Unf,0,163,848,GasA,Ex,Y,SBrkr,848,0,0,848,1,0,1,0,1,1,Gd,4,Typ,0,NA,Attchd,2003,Fin,2,420,TA,TA,Y,140,0,0,0,0,0,NA,NA,NA,0,5,2009,WD,Normal,140000
611,60,RL,11050,Pave,NA,Reg,Lvl,AllPub,Inside,Gtl,CollgCr,PosN,Norm,1Fam,2Story,9,5,2000,2000,Hip,CompShg,VinylSd,VinylSd,BrkFace,204,Gd,TA,PConc,Ex,TA,Mn,GLQ,904,Unf,0,536,1440,GasA,Ex,Y,SBrkr,1476,677,0,2153,1,0,2,1,3,1,Ex,8,Typ,2,Ex,Attchd,2000,Fin,3,736,TA,TA,Y,253,142,0,0,0,0,NA,NA,NA,0,5,2009,WD,Normal,313000
612,80,RL,10395,Pave,NA,IR1,Lvl,AllPub,FR2,Gtl,NWAmes,Norm,Norm,1Fam,SLvl,6,6,1978,1978,Gable,CompShg,HdBoard,HdBoard,BrkFace,233,TA,TA,CBlock,Gd,TA,Av,ALQ,605,Unf,0,427,1032,GasA,TA,Y,SBrkr,1032,0,0,1032,0,1,2,0,3,1,TA,6,Typ,1,TA,Attchd,1978,Unf,2,564,TA,TA,Y,0,0,0,0,0,0,NA,MnPrv,Shed,500,7,2007,WD,Normal,148000
613,60,RL,11885,Pave,NA,Reg,Lvl,AllPub,Inside,Gtl,CollgCr,Norm,Norm,1Fam,2Story,8,5,2001,2001,Gable,CompShg,VinylSd,VinylSd,BrkFace,108,Gd,TA,PConc,Gd,TA,Av,GLQ,990,Unf,0,309,1299,GasA,Ex,Y,SBrkr,1299,573,0,1872,1,0,2,1,3,1,Ex,7,Typ,1,TA,BuiltIn,2001,RFn,2,531,TA,TA,Y,160,122,0,0,0,0,NA,NA,NA,0,11,2009,WD,Normal,261500
617,60,RL,7861,Pave,NA,IR1,Lvl,AllPub,Inside,Gtl,Gilbert,Norm,Norm,1Fam,2Story,6,5,2002,2003,Gable,CompShg,VinylSd,VinylSd,None,0,Gd,TA,PConc,Gd,TA,No,GLQ,457,Unf,0,326,783,GasA,Ex,Y,SBrkr,807,702,0,1509,1,0,2,1,3,1,Gd,7,Typ,1,Gd,Attchd,2002,Fin,2,393,TA,TA,Y,100,75,0,0,0,0,NA,NA,NA,0,6,2006,WD,Normal,183200
624,160,FV,2117,Pave,NA,Reg,Lvl,AllPub,Inside,Gtl,Somerst,Norm,Norm,TwnhsE,2Story,6,5,2000,2000,Gable,CompShg,MetalSd,MetalSd,BrkFace,513,Gd,TA,PConc,Gd,TA,No,GLQ,420,Unf,0,336,756,GasA,Ex,Y,SBrkr,756,756,0,1512,0,0,2,1,2,1,Gd,4,Typ,1,TA,Detchd,2000,Unf,2,440,TA,TA,Y,0,32,0,0,0,0,NA,NA,NA,0,6,2007,WD,Normal,168500
627,20,RL,12342,Pave,NA,IR1,Lvl,AllPub,Inside,Gtl,NAmes,Norm,Norm,1Fam,1Story,5,5,1960,1978,Hip,CompShg,Wd Sdng,Wd Sdng,None,0,TA,TA,CBlock,TA,TA,No,Unf,0,Unf,0,978,978,GasA,TA,Y,SBrkr,1422,0,0,1422,0,0,1,0,3,1,TA,6,Min1,1,TA,Attchd,1960,RFn,1,286,TA,TA,Y,0,0,36,0,0,0,NA,GdWo,Shed,600,8,2007,WD,Normal,139900
642,60,FV,7050,Pave,NA,Reg,Lvl,AllPub,Inside,Gtl,Somerst,Norm,Norm,1Fam,2Story,7,5,2001,2001,Gable,CompShg,VinylSd,VinylSd,None,0,Gd,TA,PConc,Gd,TA,No,GLQ,738,Unf,0,319,1057,GasA,Ex,Y,SBrkr,1057,872,0,1929,1,0,2,1,3,1,Gd,7,Typ,1,TA,Attchd,2001,Fin,2,650,TA,TA,Y,0,235,0,0,0,0,NA,NA,NA,0,5,2007,WD,Normal,226000
646,20,RL,10530,Pave,NA,IR1,Lvl,AllPub,Corner,Gtl,NAmes,Norm,Norm,1Fam,1Story,6,5,1971,1971,Hip,CompShg,Plywood,Plywood,None,0,TA,TA,CBlock,TA,TA,No,ALQ,282,LwQ,35,664,981,GasA,TA,Y,SBrkr,981,0,0,981,1,0,1,1,3,1,TA,5,Typ,0,NA,Detchd,1979,Unf,2,576,TA,TA,Y,0,312,40,0,0,0,NA,NA,NA,0,3,2007,WD,Normal,143250
661,60,RL,12384,Pave,NA,Reg,Lvl,AllPub,CulDSac,Gtl,NWAmes,Norm,Norm,1Fam,2Story,7,7,1976,1976,Gable,CompShg,Plywood,Plywood,BrkFace,233,TA,TA,CBlock,Gd,TA,No,Unf,0,Unf,0,793,793,GasA,TA,Y,SBrkr,1142,793,0,1935,0,0,2,1,3,1,TA,7,Typ,1,TA,Attchd,1976,RFn,2,550,TA,TA,Y,0,113,252,0,0,0,NA,NA,NA,0,11,2007,WD,Normal,197900
667,60,RL,18450,Pave,NA,IR1,Lvl,AllPub,Inside,Gtl,NAmes,Norm,Norm,1Fam,2Story,6,5,1965,1979,Flat,Tar&Grv,Plywood,Plywood,BrkCmn,113,TA,Gd,CBlock,Gd,TA,No,LwQ,187,Rec,723,111,1021,GasA,TA,Y,SBrkr,1465,915,0,2380,0,0,2,1,3,1,TA,7,Sev,1,Po,CarPort,1965,Unf,2,596,TA,TA,Y,0,265,0,0,0,0,NA,NA,NA,0,8,2007,WD,Abnorml,129000
669,20,RL,14175,Pave,NA,Reg,Bnk,AllPub,Corner,Mod,Sawyer,Norm,Norm,1Fam,1Story,5,6,1956,1987,Gable,CompShg,CemntBd,Wd Sdng,None,0,TA,TA,CBlock,TA,TA,No,Rec,988,Unf,0,200,1188,GasA,Gd,Y,SBrkr,1437,0,0,1437,1,0,1,1,3,1,TA,6,Min2,1,TA,Detchd,1999,Unf,2,576,TA,TA,Y,304,0,0,0,0,0,NA,NA,NA,0,11,2006,WD,Normal,168000
673,20,RL,11250,Pave,NA,IR1,Lvl,AllPub,Inside,Gtl,Veenker,Norm,Norm,1Fam,1Story,6,6,1977,1977,Gable,CompShg,Plywood,Plywood,None,0,Gd,TA,CBlock,Gd,TA,No,ALQ,767,Unf,0,441,1208,GasA,TA,Y,SBrkr,1208,0,0,1208,1,0,1,1,3,1,TA,6,Typ,1,TA,Attchd,1977,RFn,2,546,TA,TA,Y,198,42,0,0,0,0,NA,NA,NA,0,6,2006,WD,Normal,165000
680,20,RL,9945,Pave,NA,IR1,Lvl,AllPub,Inside,Gtl,Sawyer,Norm,Norm,1Fam,1Story,5,5,1961,1961,Hip,CompShg,Wd Sdng,Wd Sdng,BrkFace,57,TA,TA,CBlock,TA,TA,No,Rec,827,Unf,0,161,988,GasA,TA,Y,SBrkr,988,0,0,988,1,0,1,0,3,1,TA,5,Typ,0,NA,Detchd,1963,Unf,2,572,TA,TA,Y,0,0,0,0,0,0,NA,NA,NA,0,10,2007,WD,Normal,128500
683,120,RL,2887,Pave,NA,Reg,HLS,AllPub,Inside,Gtl,ClearCr,Norm,Norm,1Fam,1Story,6,5,1996,1997,Gable,CompShg,Wd Sdng,Wd Sdng,None,0,TA,TA,PConc,Gd,TA,Mn,GLQ,1003,Unf,0,288,1291,GasA,Ex,Y,SBrkr,1291,0,0,1291,1,0,1,0,2,1,Gd,6,Typ,1,Gd,Attchd,1996,Unf,2,431,TA,TA,Y,307,0,0,0,0,0,NA,NA,NA,0,11,2008,WD,Normal,173000
686,160,RL,5062,Pave,NA,IR1,Lvl,AllPub,CulDSac,Gtl,StoneBr,Norm,Norm,TwnhsE,2Story,7,5,1984,1984,Gable,CompShg,HdBoard,HdBoard,None,0,Gd,TA,CBlock,Gd,TA,Mn,GLQ,828,LwQ,182,180,1190,GasA,Gd,Y,SBrkr,1190,900,0,2090,1,0,2,0,3,1,Gd,6,Min1,1,TA,Attchd,1984,Fin,2,577,TA,TA,Y,219,0,0,0,0,0,NA,NA,NA,0,9,2007,WD,Normal,207500
688,160,FV,5105,Pave,NA,IR2,Lvl,AllPub,FR2,Gtl,Somerst,Norm,Norm,TwnhsE,2Story,7,5,2004,2004,Gable,CompShg,MetalSd,MetalSd,None,0,Gd,TA,PConc,Gd,TA,No,GLQ,239,Unf,0,312,551,GasA,Ex,Y,SBrkr,551,551,0,1102,0,0,2,1,2,1,Gd,4,Typ,0,NA,Detchd,2004,Unf,2,480,TA,TA,Y,0,60,0,0,0,0,NA,NA,NA,0,3,2007,WD,Normal,148800
691,120,RM,4426,Pave,NA,Reg,Lvl,AllPub,Inside,Gtl,CollgCr,Norm,Norm,TwnhsE,1Story,6,5,2004,2004,Gable,CompShg,VinylSd,VinylSd,BrkFace,147,Gd,TA,PConc,Gd,TA,Gd,GLQ,697,Unf,0,151,848,GasA,Ex,Y,SBrkr,848,0,0,848,1,0,1,0,1,1,Gd,3,Typ,1,TA,Attchd,2004,RFn,2,420,TA,TA,Y,149,0,0,0,0,0,NA,NA,NA,0,5,2008,WD,Normal,141000
707,20,RL,115149,Pave,NA,IR2,Low,AllPub,CulDSac,Sev,ClearCr,Norm,Norm,1Fam,1Story,7,5,1971,2002,Gable,CompShg,Plywood,Plywood,Stone,351,TA,TA,CBlock,Gd,TA,Gd,GLQ,1219,Unf,0,424,1643,GasA,TA,Y,SBrkr,1824,0,0,1824,1,0,2,0,2,1,Gd,5,Typ,2,TA,Attchd,1971,Unf,2,739,TA,TA,Y,380,48,0,0,0,0,NA,NA,NA,0,6,2007,WD,Normal,302000
710,20,RL,7162,Pave,NA,IR1,Lvl,AllPub,Inside,Gtl,Sawyer,Norm,Norm,1Fam,1Story,5,7,1966,1966,Gable,CompShg,HdBoard,HdBoard,BrkCmn,41,TA,TA,PConc,TA,TA,No,Unf,0,Unf,0,876,876,GasA,TA,Y,SBrkr,904,0,0,904,0,0,1,0,3,1,TA,6,Typ,0,NA,Attchd,1966,Unf,1,408,TA,TA,Y,0,0,0,0,0,0,NA,MnPrv,NA,0,12,2008,WD,Abnorml,109900
715,60,RL,13517,Pave,NA,IR1,Lvl,AllPub,CulDSac,Gtl,Sawyer,RRAe,Norm,1Fam,2Story,6,8,1976,2005,Gable,CompShg,HdBoard,Plywood,BrkFace,289,Gd,TA,CBlock,TA,TA,No,GLQ,533,Unf,0,192,725,GasA,Ex,Y,SBrkr,725,754,0,1479,0,0,2,1,3,1,Gd,6,Typ,0,NA,Attchd,1976,RFn,2,475,TA,TA,Y,0,44,0,0,0,0,NA,NA,NA,0,3,2010,WD,Normal,130500
721,120,RL,6563,Pave,NA,IR1,Low,AllPub,CulDSac,Mod,StoneBr,Norm,Norm,1Fam,1Story,8,5,1985,1985,Gable,CompShg,HdBoard,HdBoard,None,0,Gd,TA,PConc,Gd,TA,Gd,GLQ,1148,Unf,0,594,1742,GasA,TA,Y,SBrkr,1742,0,0,1742,1,0,2,0,2,1,Gd,5,Typ,1,TA,Attchd,1985,RFn,2,564,TA,TA,Y,114,28,234,0,0,0,NA,NA,NA,0,12,2006,WD,Normal,275000
722,120,RM,4426,Pave,NA,Reg,Lvl,AllPub,Inside,Gtl,CollgCr,Norm,Norm,TwnhsE,1Story,6,5,2004,2004,Gable,CompShg,VinylSd,VinylSd,BrkFace,169,Gd,TA,PConc,Gd,TA,Av,GLQ,662,Unf,0,186,848,GasA,Ex,Y,SBrkr,848,0,0,848,1,0,1,0,1,1,Gd,3,Typ,0,NA,Attchd,2004,RFn,2,420,TA,TA,Y,160,0,0,0,0,0,NA,NA,NA,0,5,2010,WD,Normal,143000
727,20,RL,21695,Pave,NA,IR1,Lvl,AllPub,Corner,Gtl,Crawfor,Norm,Norm,1Fam,1Story,6,9,1988,2007,Hip,CompShg,Wd Sdng,Plywood,BrkFace,260,Gd,Gd,CBlock,Gd,TA,No,GLQ,808,Unf,0,72,880,GasA,Ex,Y,SBrkr,1680,0,0,1680,1,0,2,0,3,1,Gd,5,Typ,1,Gd,Attchd,1988,Fin,2,540,TA,TA,Y,292,44,0,182,0,0,NA,NA,NA,0,12,2009,WD,Normal,222000
735,20,RL,8978,Pave,NA,IR1,Lvl,AllPub,Corner,Gtl,Sawyer,Norm,Norm,1Fam,1Story,5,5,1968,1968,Gable,CompShg,Plywood,Plywood,None,0,TA,TA,PConc,TA,TA,No,Unf,0,Unf,0,948,948,GasA,TA,Y,SBrkr,948,0,0,948,0,0,1,0,3,1,TA,6,Typ,0,NA,Attchd,1968,Unf,1,300,TA,TA,Y,147,0,0,0,0,0,NA,NA,NA,0,5,2007,WD,Family,108000
746,60,RL,8963,Pave,NA,IR1,Lvl,AllPub,Inside,Gtl,NWAmes,Norm,Norm,1Fam,2Story,8,9,1976,1996,Hip,CompShg,VinylSd,VinylSd,BrkFace,289,Ex,Gd,CBlock,TA,Gd,No,GLQ,575,ALQ,80,487,1142,GasA,Ex,Y,SBrkr,1175,1540,0,2715,0,1,3,1,4,1,Gd,11,Typ,2,TA,BuiltIn,1994,Fin,2,831,TA,TA,Y,0,204,0,0,0,0,NA,NA,NA,0,7,2008,WD,Normal,299800
747,60,RL,8795,Pave,NA,IR1,Lvl,AllPub,Inside,Gtl,Gilbert,Norm,Norm,1Fam,2Story,7,5,2000,2000,Gable,CompShg,VinylSd,VinylSd,None,0,Gd,TA,PConc,Gd,TA,No,GLQ,300,Unf,0,652,952,GasA,Ex,Y,SBrkr,980,1276,0,2256,0,0,2,1,4,1,Gd,8,Typ,1,TA,BuiltIn,2000,Fin,2,554,TA,TA,Y,224,54,0,0,0,0,NA,NA,NA,0,4,2009,WD,Normal,236000
752,60,RL,7750,Pave,NA,Reg,Lvl,AllPub,Inside,Gtl,Gilbert,RRAn,Norm,1Fam,2Story,7,5,2003,2003,Gable,CompShg,VinylSd,VinylSd,None,0,Gd,TA,PConc,Gd,TA,No,Unf,0,Unf,0,660,660,GasA,Ex,Y,SBrkr,660,660,0,1320,0,0,2,1,3,1,Gd,6,Typ,0,NA,Attchd,2003,Fin,2,400,TA,TA,Y,0,48,0,0,0,0,NA,NA,NA,0,8,2007,WD,Normal,162000
758,60,RL,11616,Pave,NA,IR1,Lvl,AllPub,CulDSac,Gtl,Sawyer,Norm,Norm,1Fam,2Story,6,5,1978,1978,Hip,CompShg,HdBoard,HdBoard,BrkCmn,328,TA,TA,CBlock,TA,TA,Mn,Rec,438,Unf,0,234,672,GasA,TA,Y,SBrkr,672,714,0,1386,0,0,2,1,3,1,TA,6,Typ,1,TA,Attchd,1978,Fin,2,440,TA,TA,Y,335,0,0,0,0,0,NA,GdPrv,NA,0,4,2010,WD,Abnorml,158900
771,85,RL,7252,Pave,NA,IR1,Lvl,AllPub,CulDSac,Gtl,Sawyer,Norm,Norm,1Fam,SFoyer,5,5,1982,1982,Hip,CompShg,Wd Sdng,Wd Sdng,None,0,TA,TA,CBlock,Gd,TA,Av,GLQ,685,Unf,0,173,858,GasA,TA,Y,SBrkr,858,0,0,858,1,0,1,0,2,1,TA,5,Typ,0,NA,Detchd,1983,Unf,2,576,TA,TA,Y,120,0,0,0,0,0,NA,NA,NA,0,4,2009,WD,Normal,134900
784,85,RL,9101,Pave,NA,IR1,Lvl,AllPub,Corner,Gtl,Mitchel,Norm,Norm,1Fam,SFoyer,5,6,1978,1978,Gable,CompShg,Plywood,Plywood,BrkFace,104,TA,Gd,PConc,Gd,TA,Av,GLQ,1097,Unf,0,0,1097,GasA,Ex,Y,SBrkr,1110,0,0,1110,1,0,1,0,1,1,Gd,4,Typ,1,TA,Attchd,1978,Fin,2,602,TA,TA,Y,303,30,0,0,0,0,NA,NA,NA,0,7,2009,WD,Normal,165500
786,20,RL,9790,Pave,NA,Reg,Lvl,AllPub,Inside,Gtl,NWAmes,Feedr,Norm,1Fam,1Story,6,5,1967,1967,Gable,CompShg,BrkFace,Wd Sdng,None,0,TA,TA,CBlock,TA,TA,No,Rec,251,LwQ,630,491,1372,GasA,TA,Y,SBrkr,1342,0,0,1342,0,0,2,0,3,1,TA,7,Typ,1,Gd,Attchd,1967,Unf,2,457,TA,TA,Y,0,0,0,0,197,0,NA,NA,NA,0,9,2009,WD,Normal,161500
790,60,RL,12205,Pave,NA,IR1,Low,AllPub,Inside,Gtl,ClearCr,Norm,Norm,1Fam,2Story,6,8,1966,2007,Gable,CompShg,HdBoard,HdBoard,BrkFace,157,TA,TA,CBlock,TA,Fa,Gd,LwQ,568,Unf,0,264,832,GasA,Gd,Y,SBrkr,976,1111,0,2087,0,0,2,1,5,1,Gd,9,Typ,0,NA,Attchd,1966,Fin,2,444,TA,TA,Y,133,168,0,0,0,0,NA,NA,NA,0,7,2007,WD,Normal,187500
792,80,RL,11333,Pave,NA,IR1,Lvl,AllPub,Corner,Gtl,Mitchel,Norm,Norm,1Fam,SLvl,6,5,1976,1976,Gable,CompShg,HdBoard,HdBoard,None,0,TA,TA,PConc,Gd,TA,Av,ALQ,539,Unf,0,490,1029,GasA,TA,Y,SBrkr,1062,0,0,1062,1,0,1,0,3,1,TA,5,Typ,2,TA,Attchd,1976,RFn,2,539,TA,TA,Y,120,0,0,0,0,0,NA,NA,NA,0,5,2007,WD,Normal,146800
795,60,RL,10832,Pave,NA,IR1,Lvl,AllPub,Corner,Gtl,Gilbert,Norm,Norm,1Fam,2Story,7,5,1994,1996,Gable,CompShg,MetalSd,MetalSd,None,0,Gd,TA,PConc,Gd,TA,No,Unf,0,Unf,0,712,712,GasA,Ex,Y,SBrkr,1086,809,0,1895,0,0,2,1,3,1,Gd,7,Typ,1,TA,Attchd,1994,Fin,2,409,TA,TA,Y,143,46,0,0,0,0,NA,NA,Shed,500,10,2008,WD,Normal,194500
812,120,RM,4438,Pave,NA,Reg,Lvl,AllPub,Inside,Gtl,CollgCr,Norm,Norm,TwnhsE,1Story,6,5,2004,2004,Gable,CompShg,VinylSd,VinylSd,BrkFace,169,Gd,TA,PConc,Gd,TA,Gd,GLQ,662,Unf,0,186,848,GasA,Ex,Y,SBrkr,848,0,0,848,1,0,1,0,1,1,Gd,4,Typ,1,Gd,Attchd,2004,Fin,2,420,TA,TA,Y,140,0,0,0,0,0,NA,NA,NA,0,6,2008,ConLD,Normal,144500
817,20,RL,11425,Pave,NA,IR1,Lvl,AllPub,Corner,Gtl,NAmes,Norm,Norm,1Fam,1Story,5,6,1954,1954,Gable,CompShg,BrkFace,BrkFace,None,0,TA,TA,CBlock,TA,TA,No,BLQ,486,Unf,0,522,1008,GasA,Gd,Y,SBrkr,1008,0,0,1008,0,0,1,0,2,1,TA,4,Typ,1,Gd,Attchd,1954,RFn,1,275,TA,TA,Y,0,0,120,0,0,0,NA,NA,NA,0,7,2006,WD,Normal,137000
818,20,RL,13265,Pave,NA,IR1,Lvl,AllPub,CulDSac,Gtl,Mitchel,Norm,Norm,1Fam,1Story,8,5,2002,2002,Hip,CompShg,CemntBd,CmentBd,BrkFace,148,Gd,TA,PConc,Gd,TA,No,GLQ,1218,Unf,0,350,1568,GasA,Ex,Y,SBrkr,1689,0,0,1689,1,0,2,0,3,1,Gd,7,Typ,2,Gd,Attchd,2002,RFn,3,857,TA,TA,Y,150,59,0,0,0,0,NA,NA,NA,0,7,2008,WD,Normal,271000
823,60,RL,12394,Pave,NA,IR1,Lvl,AllPub,Corner,Gtl,Gilbert,Norm,Norm,1Fam,2Story,7,5,2003,2003,Gable,CompShg,VinylSd,VinylSd,None,0,Gd,TA,PConc,Gd,TA,Gd,Unf,0,Unf,0,847,847,GasA,Ex,Y,SBrkr,847,886,0,1733,0,0,2,1,3,1,Gd,7,Typ,1,Gd,BuiltIn,2003,Fin,2,433,TA,TA,Y,100,48,0,0,0,0,NA,NA,NA,0,10,2007,WD,Family,225000
829,60,RL,28698,Pave,NA,IR2,Low,AllPub,CulDSac,Sev,ClearCr,Norm,Norm,1Fam,2Story,5,5,1967,1967,Flat,Tar&Grv,Plywood,Plywood,None,0,TA,TA,PConc,TA,Gd,Gd,LwQ,249,ALQ,764,0,1013,GasA,TA,Y,SBrkr,1160,966,0,2126,0,1,2,1,3,1,TA,7,Min2,0,NA,Attchd,1967,Fin,2,538,TA,TA,Y,486,0,0,0,225,0,NA,NA,NA,0,6,2009,WD,Abnorml,185000
841,70,RH,12155,Pave,NA,IR1,Lvl,AllPub,Inside,Gtl,SWISU,Norm,Norm,1Fam,2Story,6,8,1925,1950,Gable,CompShg,Wd Sdng,Wd Sdng,None,0,TA,TA,BrkTil,TA,TA,No,BLQ,156,Unf,0,516,672,GasA,TA,N,SBrkr,810,672,0,1482,0,0,2,0,4,1,Fa,7,Typ,0,NA,Detchd,1934,Unf,1,400,TA,TA,P,0,0,254,0,0,0,NA,NA,NA,0,3,2008,WD,Normal,140000
846,85,RL,16647,Pave,NA,IR1,Lvl,AllPub,CulDSac,Gtl,Sawyer,RRAe,Norm,1Fam,SFoyer,5,5,1975,1981,Gable,CompShg,HdBoard,HdBoard,None,0,TA,TA,CBlock,Gd,TA,Gd,ALQ,1390,Unf,0,0,1390,GasA,TA,Y,SBrkr,1701,0,0,1701,1,0,2,0,3,1,TA,6,Min2,2,TA,Basment,1975,Fin,2,611,TA,TA,Y,0,0,0,0,0,0,NA,NA,NA,0,1,2007,WD,Normal,171000
852,120,RL,3196,Pave,NA,Reg,Lvl,AllPub,Inside,Gtl,Blmngtn,Norm,Norm,TwnhsE,1Story,8,5,2003,2003,Gable,CompShg,VinylSd,VinylSd,BrkFace,40,Gd,TA,PConc,Gd,TA,Gd,Unf,0,Unf,0,1273,1273,GasA,Ex,Y,SBrkr,1456,0,0,1456,0,0,2,0,2,1,Gd,7,Typ,1,TA,Attchd,2003,Fin,2,400,TA,TA,Y,143,20,0,0,0,0,NA,NA,NA,0,5,2006,WD,Normal,215000
854,80,RL,12095,Pave,NA,IR1,Lvl,AllPub,Corner,Gtl,NAmes,Norm,Norm,1Fam,SLvl,6,6,1964,1964,Gable,CompShg,MetalSd,HdBoard,BrkFace,115,TA,Gd,CBlock,TA,TA,Gd,Rec,564,Unf,0,563,1127,GasA,TA,Y,SBrkr,1445,0,0,1445,0,0,1,1,3,1,TA,7,Typ,1,Fa,Attchd,1964,RFn,2,645,TA,TA,Y,180,0,0,0,0,0,NA,MnPrv,NA,0,8,2009,WD,Normal,158000
856,20,RL,6897,Pave,NA,IR1,Lvl,AllPub,Corner,Gtl,Sawyer,Norm,Norm,1Fam,1Story,5,8,1962,2010,Gable,CompShg,HdBoard,HdBoard,None,0,TA,Gd,CBlock,TA,TA,No,ALQ,659,Unf,0,381,1040,GasA,Ex,Y,SBrkr,1040,0,0,1040,1,0,1,1,3,1,TA,6,Typ,0,NA,Detchd,1962,Unf,1,260,TA,TA,Y,0,104,0,0,0,0,NA,NA,NA,0,4,2010,WD,Normal,127000
857,80,RL,10970,Pave,NA,IR1,Low,AllPub,Inside,Mod,CollgCr,Norm,Norm,1Fam,SLvl,6,6,1978,1978,Gable,CompShg,Plywood,HdBoard,None,0,TA,TA,CBlock,Gd,Gd,Gd,GLQ,505,LwQ,435,0,940,GasA,TA,Y,SBrkr,1026,0,0,1026,1,0,1,0,3,1,TA,5,Typ,0,NA,Detchd,1981,Unf,2,576,TA,Fa,Y,0,0,34,0,0,0,NA,MnPrv,NA,0,10,2008,WD,Normal,147000
860,60,RL,11029,Pave,NA,IR1,Lvl,AllPub,Corner,Gtl,NWAmes,PosA,Norm,1Fam,2Story,6,7,1968,1984,Gable,CompShg,HdBoard,HdBoard,BrkFace,220,TA,TA,CBlock,TA,TA,Mn,BLQ,619,Unf,0,435,1054,GasA,TA,Y,SBrkr,1512,1142,0,2654,1,0,2,1,4,1,Gd,9,Typ,1,Gd,Attchd,1968,Unf,2,619,TA,TA,Y,0,65,0,0,222,0,NA,NA,NA,0,8,2006,WD,Normal,250000
866,20,RL,8750,Pave,NA,IR1,Lvl,AllPub,Inside,Gtl,NAmes,Norm,Norm,1Fam,1Story,5,6,1970,1970,Gable,CompShg,MetalSd,MetalSd,BrkFace,76,TA,TA,CBlock,TA,TA,No,BLQ,828,Unf,0,174,1002,GasA,TA,Y,SBrkr,1002,0,0,1002,1,0,1,0,3,1,TA,5,Typ,0,NA,Detchd,1973,Unf,2,902,TA,TA,Y,0,0,0,0,0,0,NA,MnPrv,NA,0,8,2009,WD,Normal,148500
869,60,RL,14762,Pave,NA,IR2,Lvl,AllPub,Corner,Gtl,Gilbert,Feedr,Norm,1Fam,2Story,5,6,1948,1950,Gable,CompShg,Plywood,Plywood,None,0,TA,TA,Slab,NA,NA,NA,NA,0,NA,0,0,0,GasA,Gd,Y,SBrkr,1547,720,53,2320,0,0,2,0,2,1,TA,7,Typ,1,TA,Attchd,1979,Unf,2,672,TA,TA,P,120,144,0,0,0,0,NA,NA,NA,0,5,2006,WD,Normal,169000
880,20,RL,7000,Pave,NA,IR1,Lvl,AllPub,CulDSac,Gtl,CollgCr,Norm,Norm,1Fam,1Story,5,8,1978,2005,Gable,CompShg,VinylSd,VinylSd,BrkFace,90,Gd,Gd,CBlock,TA,TA,No,ALQ,646,Unf,0,218,864,GasA,Ex,Y,SBrkr,864,0,0,864,1,0,1,0,3,1,TA,6,Typ,0,NA,Attchd,1978,Unf,1,336,TA,TA,Y,0,0,0,0,0,0,NA,GdWo,NA,0,7,2009,WD,Normal,136500
883,60,RL,9636,Pave,NA,IR1,Lvl,AllPub,Corner,Gtl,Gilbert,Norm,Norm,1Fam,2Story,6,5,1992,1993,Gable,CompShg,VinylSd,VinylSd,None,0,TA,TA,PConc,Gd,TA,No,Unf,0,Unf,0,808,808,GasA,Gd,Y,SBrkr,808,785,0,1593,0,0,2,1,3,1,TA,7,Typ,1,TA,BuiltIn,1993,RFn,2,389,TA,TA,Y,342,40,0,0,0,0,NA,MnPrv,NA,0,12,2009,WD,Normal,178000
894,20,RL,13284,Pave,NA,Reg,Lvl,AllPub,Inside,Gtl,Sawyer,PosN,Norm,1Fam,1Story,5,5,1954,1954,Gable,CompShg,Wd Sdng,Plywood,None,0,TA,TA,PConc,Gd,TA,Mn,BLQ,1064,Unf,0,319,1383,GasA,TA,Y,SBrkr,1383,0,0,1383,1,0,1,0,3,1,TA,6,Typ,1,Gd,Attchd,1954,Unf,1,354,TA,TA,Y,511,116,0,0,0,0,NA,GdPrv,NA,0,6,2008,WD,Normal,165000
901,20,RL,7340,Pave,NA,IR1,Lvl,AllPub,Inside,Gtl,NAmes,Norm,Norm,1Fam,1Story,4,6,1971,1971,Gable,CompShg,HdBoard,HdBoard,None,0,TA,TA,CBlock,TA,TA,No,ALQ,322,Unf,0,536,858,GasA,TA,Y,SBrkr,858,0,0,858,0,0,1,0,2,1,TA,4,Typ,0,NA,Detchd,1979,Unf,1,684,TA,TA,Y,0,0,0,0,0,0,NA,NA,NA,0,6,2007,WD,Normal,110000
905,20,RL,6173,Pave,NA,IR1,Lvl,AllPub,Inside,Gtl,Sawyer,Norm,Norm,1Fam,1Story,5,6,1967,1967,Gable,CompShg,HdBoard,Wd Sdng,BrkFace,75,TA,TA,CBlock,TA,TA,No,GLQ,599,Unf,0,277,876,GasA,TA,Y,SBrkr,902,0,0,902,0,0,1,0,3,1,TA,6,Typ,0,NA,Attchd,1967,Unf,1,288,TA,TA,Y,0,0,0,0,0,0,NA,MnPrv,NA,0,8,2007,WD,Normal,125500
909,20,RL,8885,Pave,NA,IR1,Low,AllPub,Inside,Mod,Mitchel,Norm,Norm,1Fam,1Story,5,5,1983,1983,Gable,CompShg,HdBoard,HdBoard,None,0,TA,TA,CBlock,Gd,TA,Av,BLQ,301,ALQ,324,239,864,GasA,TA,Y,SBrkr,902,0,0,902,1,0,1,0,2,1,TA,5,Typ,0,NA,Attchd,1983,Unf,2,484,TA,TA,Y,164,0,0,0,0,0,NA,MnPrv,NA,0,6,2006,WD,Normal,131000
912,20,RL,9286,Pave,NA,IR1,Lvl,AllPub,CulDSac,Mod,CollgCr,Norm,Norm,1Fam,1Story,5,7,1977,1989,Gable,CompShg,HdBoard,Plywood,None,0,TA,TA,CBlock,Gd,Gd,Av,ALQ,196,Unf,0,1072,1268,GasA,TA,Y,SBrkr,1268,0,0,1268,0,0,1,1,3,1,Gd,5,Typ,0,NA,Detchd,1978,Unf,1,252,TA,TA,Y,173,0,0,0,0,0,NA,NA,NA,0,10,2009,WD,Normal,143500
918,20,RL,17140,Pave,NA,Reg,Lvl,AllPub,Inside,Gtl,Edwards,Norm,Norm,1Fam,1Story,4,6,1956,1956,Gable,CompShg,VinylSd,VinylSd,None,0,TA,TA,CBlock,TA,TA,No,ALQ,1059,Unf,0,75,1134,GasA,Ex,Y,FuseA,1229,0,0,1229,0,0,1,0,3,1,TA,6,Typ,0,NA,Attchd,1956,RFn,1,284,TA,TA,Y,0,0,0,0,0,0,NA,NA,NA,0,4,2009,WD,Normal,135000
926,20,RL,15611,Pave,NA,IR1,Lvl,AllPub,Corner,Gtl,NWAmes,Norm,Norm,1Fam,1Story,5,6,1977,1977,Gable,CompShg,VinylSd,VinylSd,None,0,TA,TA,PConc,Gd,TA,Av,ALQ,767,LwQ,93,266,1126,GasA,TA,Y,SBrkr,1126,0,0,1126,0,1,2,0,3,1,Ex,6,Typ,0,NA,Attchd,1977,RFn,2,540,TA,TA,Y,180,0,0,0,0,0,NA,NA,NA,0,3,2008,WD,Abnorml,175000
928,60,RL,9900,Pave,NA,Reg,Lvl,AllPub,Inside,Gtl,NWAmes,Feedr,Norm,1Fam,2Story,7,5,1968,1968,Gable,CompShg,MetalSd,MetalSd,BrkFace,342,TA,TA,CBlock,TA,TA,No,BLQ,552,Unf,0,280,832,GasA,Gd,Y,SBrkr,1098,880,0,1978,0,0,2,1,4,1,TA,9,Typ,1,Gd,Attchd,1968,RFn,2,486,TA,TA,Y,0,43,0,0,0,0,NA,GdPrv,NA,0,4,2008,WD,Normal,176000
929,20,RL,11838,Pave,NA,Reg,Lvl,AllPub,Inside,Gtl,CollgCr,Norm,Norm,1Fam,1Story,8,5,2001,2001,Hip,CompShg,VinylSd,VinylSd,None,0,Gd,TA,PConc,Gd,TA,Av,Unf,0,Unf,0,1753,1753,GasA,Ex,Y,SBrkr,1788,0,0,1788,0,0,2,0,3,1,Ex,7,Typ,1,TA,Attchd,2001,RFn,2,522,TA,TA,Y,202,151,0,0,0,0,NA,NA,NA,0,6,2009,WD,Normal,236500
930,60,RL,13006,Pave,NA,IR1,Lvl,AllPub,Corner,Gtl,Gilbert,Norm,Norm,1Fam,2Story,7,5,1997,1997,Gable,CompShg,HdBoard,HdBoard,BrkFace,285,TA,TA,PConc,Gd,TA,No,Unf,0,Unf,0,964,964,GasA,Gd,Y,SBrkr,993,1243,0,2236,0,0,2,1,4,1,Gd,8,Typ,1,TA,BuiltIn,1997,Fin,2,642,TA,TA,Y,0,0,0,0,0,0,NA,NA,NA,0,11,2006,WD,Normal,222000
940,70,RL,24090,Pave,NA,Reg,Lvl,AllPub,Inside,Gtl,ClearCr,Norm,Norm,1Fam,2Story,7,7,1940,1950,Gable,CompShg,MetalSd,MetalSd,None,0,TA,Gd,CBlock,TA,TA,Mn,Unf,0,Unf,0,1032,1032,GasA,Ex,Y,SBrkr,1207,1196,0,2403,0,0,2,0,4,1,TA,10,Typ,2,TA,Attchd,1940,Unf,1,349,TA,TA,Y,56,0,318,0,0,0,NA,NA,NA,0,6,2010,COD,Normal,244400
942,60,RL,8755,Pave,NA,IR1,Lvl,AllPub,FR2,Gtl,Gilbert,RRNn,Norm,1Fam,2Story,7,5,1999,1999,Gable,CompShg,VinylSd,VinylSd,BrkFace,298,Gd,TA,PConc,Gd,TA,No,ALQ,772,Unf,0,220,992,GasA,Ex,Y,SBrkr,1022,1038,0,2060,1,0,2,1,3,1,Gd,8,Typ,1,TA,BuiltIn,1999,RFn,2,390,TA,TA,Y,0,0,0,168,0,0,NA,GdPrv,NA,0,6,2009,WD,Normal,214000
945,20,RL,14375,Pave,NA,IR1,Lvl,NoSeWa,CulDSac,Gtl,Timber,Norm,Norm,1Fam,SLvl,6,6,1958,1958,Gable,CompShg,HdBoard,HdBoard,BrkFace,541,TA,TA,CBlock,TA,TA,No,GLQ,111,Rec,354,354,819,GasA,Gd,Y,FuseA,1344,0,0,1344,0,1,1,0,3,1,Gd,7,Typ,1,Gd,Basment,1958,RFn,2,525,TA,TA,Y,0,118,0,0,233,0,NA,NA,NA,0,1,2009,COD,Abnorml,137500
954,60,RL,11075,Pave,NA,IR1,Lvl,AllPub,Inside,Mod,Mitchel,Norm,Norm,1Fam,2Story,5,4,1969,1969,Gable,CompShg,HdBoard,HdBoard,BrkFace,232,TA,TA,CBlock,TA,TA,Av,ALQ,562,LwQ,193,29,784,GasA,Ex,Y,SBrkr,1168,800,0,1968,0,1,2,1,4,1,TA,7,Min2,1,Po,Attchd,1969,RFn,2,530,TA,TA,Y,305,189,0,0,0,0,NA,MnPrv,Shed,400,9,2008,WD,Normal,172000
962,60,RL,12227,Pave,NA,IR1,Lvl,AllPub,Corner,Gtl,NWAmes,PosN,Norm,1Fam,2Story,6,7,1977,1995,Gable,CompShg,HdBoard,HdBoard,BrkFace,424,TA,Gd,CBlock,Gd,Gd,No,ALQ,896,Unf,0,434,1330,GasA,TA,Y,SBrkr,1542,1330,0,2872,1,0,2,1,4,1,TA,11,Typ,1,TA,Attchd,1977,Fin,2,619,TA,TA,Y,550,282,0,0,0,0,NA,NA,NA,0,7,2008,WD,Normal,272000
968,20,RL,7390,Pave,NA,IR1,Lvl,AllPub,Inside,Gtl,NAmes,Norm,Norm,1Fam,1Story,5,7,1955,1955,Hip,CompShg,Wd Sdng,Wd Sdng,BrkFace,151,TA,TA,CBlock,TA,TA,No,ALQ,902,Unf,0,196,1098,GasA,TA,Y,SBrkr,1098,0,0,1098,1,0,1,0,3,1,TA,6,Typ,0,NA,Attchd,1955,Unf,1,260,TA,TA,Y,0,0,0,0,0,0,NA,NA,NA,0,7,2008,WD,Normal,135000
976,160,FV,2651,Pave,NA,Reg,Lvl,AllPub,FR2,Gtl,Somerst,Norm,Norm,Twnhs,2Story,7,5,2000,2000,Gable,CompShg,MetalSd,MetalSd,None,0,Gd,TA,PConc,Gd,TA,No,GLQ,641,Unf,0,32,673,GasA,Ex,Y,SBrkr,673,709,0,1382,1,0,2,1,3,1,Gd,6,Typ,0,NA,Detchd,2000,Unf,2,490,TA,TA,Y,153,50,0,0,0,0,NA,NA,NA,0,4,2006,WD,Normal,165000
981,85,RL,12122,Pave,NA,IR1,Lvl,AllPub,Corner,Gtl,NAmes,Norm,Norm,1Fam,SFoyer,7,9,1961,2007,Gable,CompShg,CemntBd,CmentBd,Stone,210,Ex,TA,CBlock,TA,TA,Av,ALQ,867,Unf,0,77,944,GasA,Gd,Y,SBrkr,999,0,0,999,1,0,1,0,3,1,Ex,6,Typ,0,NA,Attchd,1961,RFn,2,588,TA,TA,Y,144,76,0,0,0,0,NA,NA,NA,0,7,2008,WD,Normal,178400
984,60,RL,11250,Pave,NA,Reg,Lvl,AllPub,Corner,Gtl,CollgCr,Norm,Norm,1Fam,2Story,8,5,2002,2002,Gable,CompShg,CemntBd,CmentBd,None,0,Gd,TA,PConc,Gd,TA,Mn,Unf,0,Unf,0,1128,1128,GasA,Ex,Y,SBrkr,1149,1141,0,2290,0,0,2,1,4,1,Gd,9,Typ,1,Gd,Attchd,2002,Unf,2,779,TA,TA,Y,0,0,0,0,0,0,NA,NA,NA,0,5,2008,WD,Normal,255900
989,60,RL,12046,Pave,NA,IR1,Lvl,AllPub,Inside,Gtl,NWAmes,Norm,Norm,1Fam,2Story,6,6,1976,1976,Gable,CompShg,Plywood,Plywood,BrkFace,298,TA,TA,CBlock,TA,TA,No,LwQ,156,Unf,0,692,848,GasA,TA,Y,SBrkr,1118,912,0,2030,0,0,2,1,4,1,Gd,8,Typ,1,TA,Attchd,1976,Fin,2,551,TA,TA,Y,0,224,0,0,0,0,NA,NA,NA,0,6,2007,WD,Normal,195000
997,20,RL,10659,Pave,NA,IR1,Lvl,AllPub,Inside,Gtl,NAmes,Norm,Norm,1Fam,1Story,5,6,1961,1961,Hip,CompShg,Wd Sdng,Wd Sdng,None,0,TA,TA,CBlock,TA,TA,No,Rec,915,Unf,0,135,1050,GasA,TA,Y,SBrkr,1050,0,0,1050,1,0,1,0,3,1,TA,6,Typ,0,NA,Attchd,1961,Unf,1,368,TA,TA,Y,0,319,0,0,0,0,NA,NA,NA,0,1,2006,COD,Normal,136500
998,20,RL,11717,Pave,NA,IR1,Lvl,AllPub,Inside,Gtl,NWAmes,PosA,Norm,1Fam,1Story,6,6,1970,1970,Hip,CompShg,HdBoard,HdBoard,BrkFace,571,TA,TA,CBlock,TA,TA,No,Unf,0,Unf,0,1442,1442,GasA,TA,Y,SBrkr,1442,0,0,1442,0,0,2,0,2,1,TA,6,Typ,1,TA,Attchd,1970,RFn,2,615,TA,TA,Y,371,0,0,0,0,0,NA,NA,NA,0,2,2009,WD,Normal,185000
1004,90,RL,11500,Pave,NA,IR1,Lvl,AllPub,Corner,Gtl,NWAmes,Feedr,RRAn,Duplex,1Story,5,6,1976,1976,Gable,CompShg,VinylSd,VinylSd,BrkFace,164,TA,TA,CBlock,TA,TA,No,Unf,0,Unf,0,1680,1680,GasA,Fa,Y,SBrkr,1680,0,0,1680,0,0,2,0,4,2,TA,8,Typ,0,NA,Detchd,1976,Unf,2,528,TA,TA,Y,0,0,0,0,0,0,NA,NA,NA,0,6,2007,WD,Normal,136905
1007,20,RL,12155,Pave,NA,IR3,Lvl,AllPub,Inside,Gtl,NAmes,PosN,Norm,1Fam,1Story,6,3,1970,1970,Gable,CompShg,Plywood,Plywood,None,0,TA,TA,CBlock,Gd,TA,No,LwQ,1237,Unf,0,420,1657,GasA,Gd,Y,SBrkr,1657,0,0,1657,0,1,2,0,3,1,TA,7,Typ,1,TA,Attchd,1970,Unf,2,484,TA,TA,Y,0,0,0,0,147,0,NA,NA,NA,0,3,2007,WD,Normal,163500
1018,120,RL,5814,Pave,NA,IR1,Lvl,AllPub,CulDSac,Gtl,StoneBr,Norm,Norm,TwnhsE,1Story,8,5,1984,1984,Gable,CompShg,HdBoard,HdBoard,None,0,Gd,TA,CBlock,Gd,TA,Av,GLQ,1036,Unf,0,184,1220,GasA,Gd,Y,SBrkr,1360,0,0,1360,1,0,1,0,1,1,Gd,4,Typ,1,Ex,Attchd,1984,RFn,2,565,TA,TA,Y,63,0,0,0,0,0,NA,NA,NA,0,8,2009,COD,Abnorml,187500
1019,80,RL,10784,Pave,NA,IR1,Lvl,AllPub,FR2,Gtl,Gilbert,Norm,Norm,1Fam,SLvl,7,5,1991,1992,Gable,CompShg,HdBoard,HdBoard,BrkFace,76,Gd,TA,PConc,Gd,TA,No,Unf,0,Unf,0,384,384,GasA,Gd,Y,SBrkr,802,670,0,1472,0,0,2,1,3,1,Gd,7,Typ,1,TA,Attchd,1991,RFn,2,402,TA,TA,Y,164,0,0,0,0,0,NA,NA,NA,0,5,2007,WD,Normal,160000
1025,20,RL,15498,Pave,NA,IR1,Lvl,AllPub,Corner,Gtl,Timber,Norm,Norm,1Fam,1Story,8,6,1976,1976,Hip,WdShake,Stone,HdBoard,None,0,Gd,TA,CBlock,Gd,TA,Av,ALQ,1165,LwQ,400,0,1565,GasA,TA,Y,SBrkr,2898,0,0,2898,1,0,2,0,2,1,Gd,10,Typ,1,Gd,Attchd,1976,Fin,2,665,TA,TA,Y,0,72,174,0,0,0,NA,NA,NA,0,5,2008,COD,Abnorml,287000
1031,190,RH,7082,Pave,NA,Reg,Lvl,AllPub,Inside,Gtl,SWISU,Norm,Norm,2fmCon,2Story,5,8,1916,1995,Gable,CompShg,VinylSd,VinylSd,None,0,TA,TA,PConc,TA,TA,Mn,Unf,0,Unf,0,686,686,GasA,Gd,Y,SBrkr,948,980,0,1928,0,0,2,0,5,2,TA,10,Typ,0,NA,NA,NA,NA,0,0,NA,NA,N,0,0,228,0,0,0,NA,NA,NA,0,7,2006,WD,Normal,160000
1033,60,RL,14541,Pave,NA,IR1,Lvl,AllPub,Corner,Gtl,NoRidge,Norm,Norm,1Fam,2Story,8,7,1993,1993,Gable,CompShg,MetalSd,MetalSd,None,0,Gd,Gd,PConc,Gd,Gd,No,GLQ,1012,Unf,0,326,1338,GasA,Ex,Y,SBrkr,1352,1168,0,2520,1,0,2,1,5,1,Gd,10,Typ,1,TA,Attchd,1993,RFn,3,796,TA,TA,Y,209,55,0,0,0,0,NA,NA,NA,0,11,2006,WD,Abnorml,310000
1034,20,RL,8125,Pave,NA,Reg,Lvl,AllPub,Inside,Gtl,CollgCr,Norm,Norm,1Fam,1Story,7,5,2002,2002,Gable,CompShg,VinylSd,VinylSd,Stone,295,Gd,TA,PConc,Gd,TA,No,GLQ,986,Unf,0,668,1654,GasA,Ex,Y,SBrkr,1654,0,0,1654,1,0,2,0,3,1,Gd,6,Typ,0,NA,Attchd,2002,Unf,3,900,TA,TA,Y,0,136,0,0,0,0,NA,NA,NA,0,2,2006,WD,Normal,230000
1036,20,RL,11500,Pave,NA,IR1,Lvl,AllPub,CulDSac,Gtl,Edwards,Norm,Norm,1Fam,1Story,4,3,1957,1957,Gable,CompShg,Wd Sdng,Wd Sdng,None,0,TA,Gd,Slab,NA,NA,NA,NA,0,NA,0,0,0,GasA,Ex,N,SBrkr,845,0,0,845,0,0,1,0,3,1,TA,5,Typ,0,NA,Detchd,1957,Unf,1,290,TA,TA,N,186,0,0,0,0,0,NA,NA,NA,0,1,2009,WD,Normal,84000
1038,60,RL,9240,Pave,NA,Reg,Lvl,AllPub,Inside,Gtl,CollgCr,Norm,Norm,1Fam,2Story,8,5,2001,2002,Gable,CompShg,VinylSd,VinylSd,BrkFace,396,Gd,TA,PConc,Gd,TA,No,Unf,0,Unf,0,1055,1055,GasA,Ex,Y,SBrkr,1055,1208,0,2263,0,0,2,1,3,1,Gd,7,Typ,1,TA,BuiltIn,2001,Fin,2,905,TA,TA,Y,0,45,0,0,189,0,NA,NA,NA,0,9,2008,WD,Normal,287000
1042,60,RL,9130,Pave,NA,Reg,Lvl,AllPub,Inside,Gtl,NWAmes,Feedr,Norm,1Fam,2Story,6,8,1966,2000,Hip,CompShg,HdBoard,HdBoard,BrkFace,252,TA,TA,CBlock,TA,TA,No,GLQ,400,Rec,64,336,800,GasA,Gd,Y,SBrkr,800,832,0,1632,0,1,1,1,4,1,Gd,7,Typ,0,NA,Attchd,1966,Unf,2,484,TA,TA,Y,0,40,0,0,0,0,NA,NA,NA,0,7,2008,WD,Normal,173000
1046,20,RL,13680,Pave,NA,IR1,Lvl,AllPub,CulDSac,Gtl,Edwards,Norm,Norm,1Fam,1Story,3,5,1955,1955,Hip,CompShg,BrkFace,Wd Sdng,None,0,TA,TA,Slab,NA,NA,NA,NA,0,NA,0,0,0,GasA,Ex,Y,FuseA,1733,0,0,1733,0,0,2,0,4,1,TA,8,Min2,1,Gd,Attchd,1955,Unf,2,452,TA,TA,Y,0,0,0,0,0,0,NA,NA,NA,0,6,2009,WD,Normal,139600
1058,60,RL,29959,Pave,NA,IR2,Lvl,AllPub,FR2,Gtl,NoRidge,Norm,Norm,1Fam,2Story,7,6,1994,1994,Gable,CompShg,HdBoard,HdBoard,None,0,Gd,TA,PConc,Gd,TA,No,GLQ,595,Unf,0,378,973,GasA,Ex,Y,SBrkr,979,871,0,1850,0,0,2,1,3,1,Gd,7,Typ,1,Gd,BuiltIn,1994,Fin,2,467,TA,TA,Y,168,98,0,0,0,0,NA,NA,NA,0,1,2009,WD,Normal,248000
1060,50,RL,11275,Pave,NA,IR1,HLS,AllPub,Corner,Mod,Crawfor,Norm,Norm,1Fam,1.5Fin,6,7,1932,1950,Gable,CompShg,MetalSd,MetalSd,BrkFace,480,TA,TA,CBlock,TA,TA,Mn,Rec,297,LwQ,557,0,854,GasA,TA,Y,SBrkr,1096,895,0,1991,0,0,1,1,3,1,TA,7,Typ,1,Gd,Detchd,1977,Unf,2,432,TA,Fa,Y,0,0,19,0,0,0,NA,NA,NA,0,3,2007,WD,Normal,220000
1065,20,RL,11000,Pave,NA,IR1,Lvl,AllPub,CulDSac,Gtl,NAmes,Norm,Norm,1Fam,1Story,5,6,1966,1966,Gable,CompShg,Plywood,Plywood,BrkFace,200,TA,TA,CBlock,TA,TA,Mn,BLQ,740,Rec,230,184,1154,GasA,Ex,Y,SBrkr,1154,0,0,1154,0,0,1,1,3,1,TA,6,Typ,1,Po,Attchd,1966,RFn,2,480,TA,TA,Y,0,58,0,0,0,0,NA,MnPrv,NA,0,11,2009,WD,Normal,154000
1078,20,RL,15870,Pave,NA,IR1,Lvl,AllPub,Corner,Gtl,NAmes,Norm,Norm,1Fam,1Story,5,5,1969,1969,Gable,CompShg,VinylSd,Plywood,None,0,TA,TA,CBlock,TA,TA,Mn,BLQ,75,Rec,791,230,1096,GasA,Ex,Y,SBrkr,1096,0,0,1096,1,0,1,0,3,1,TA,6,Typ,0,NA,Attchd,1969,Fin,1,299,TA,TA,Y,240,32,0,0,0,0,NA,NA,NA,0,3,2006,WD,Abnorml,138800
1085,60,RL,13031,Pave,NA,IR2,Lvl,AllPub,Corner,Gtl,Gilbert,Norm,Norm,1Fam,2Story,6,5,1995,1996,Gable,CompShg,HdBoard,HdBoard,None,0,TA,TA,PConc,Gd,TA,No,ALQ,592,Unf,0,99,691,GasA,Gd,Y,SBrkr,691,807,0,1498,0,0,2,1,3,1,TA,6,Typ,1,TA,Attchd,1995,Fin,2,409,TA,TA,Y,315,44,0,0,0,0,NA,NA,NA,0,7,2006,WD,Normal,187500
1087,160,RM,1974,Pave,NA,Reg,Lvl,AllPub,Inside,Gtl,MeadowV,Norm,Norm,TwnhsE,2Story,4,5,1973,1973,Gable,CompShg,CemntBd,CmentBd,None,0,TA,TA,CBlock,TA,TA,No,BLQ,334,Unf,0,212,546,GasA,TA,Y,SBrkr,546,546,0,1092,0,0,1,1,3,1,TA,6,Typ,0,NA,Attchd,1973,RFn,1,286,TA,TA,Y,120,96,0,0,0,0,NA,NA,NA,0,5,2010,WD,Normal,83500
1098,120,RL,3696,Pave,NA,Reg,Lvl,AllPub,Inside,Gtl,StoneBr,Norm,Norm,TwnhsE,1Story,8,5,1986,1986,Gable,CompShg,HdBoard,HdBoard,None,0,Gd,TA,CBlock,Gd,TA,No,Unf,0,Unf,0,1074,1074,GasA,Ex,Y,SBrkr,1088,0,0,1088,0,0,1,1,2,1,Gd,5,Typ,0,NA,Attchd,1987,RFn,2,461,TA,TA,Y,0,74,137,0,0,0,NA,NA,NA,0,10,2007,WD,Normal,170000
1109,60,RL,8063,Pave,NA,Reg,Lvl,AllPub,Inside,Gtl,Gilbert,Norm,Norm,1Fam,2Story,6,5,2000,2000,Gable,CompShg,VinylSd,VinylSd,None,0,TA,TA,PConc,Gd,TA,No,Unf,0,Unf,0,924,924,GasA,Ex,Y,SBrkr,948,742,0,1690,0,0,2,1,3,1,TA,7,Typ,1,TA,Attchd,2000,RFn,2,463,TA,TA,Y,100,48,0,0,0,0,NA,NA,NA,0,11,2007,WD,Abnorml,181000
1111,60,RL,8000,Pave,NA,Reg,Lvl,AllPub,Inside,Gtl,Gilbert,Norm,Norm,1Fam,2Story,6,5,1995,1996,Gable,CompShg,HdBoard,HdBoard,None,0,TA,TA,PConc,Gd,TA,No,GLQ,219,Unf,0,554,773,GasA,Gd,Y,SBrkr,773,885,0,1658,1,0,2,1,3,1,TA,8,Typ,1,TA,Attchd,1995,Fin,2,431,TA,TA,Y,224,84,0,0,0,0,NA,NA,NA,0,6,2008,WD,Normal,188000
1117,80,RL,7750,Pave,NA,Reg,Lvl,AllPub,Inside,Gtl,Gilbert,Norm,Norm,1Fam,SLvl,8,5,2002,2002,Hip,CompShg,VinylSd,VinylSd,None,0,Gd,TA,PConc,Gd,TA,No,GLQ,353,Unf,0,55,408,GasA,Ex,Y,SBrkr,779,640,0,1419,1,0,2,1,3,1,Gd,7,Typ,1,TA,BuiltIn,2002,Fin,2,527,TA,TA,Y,120,0,0,0,0,0,NA,NA,NA,0,3,2009,WD,Normal,184100
1123,20,RL,8926,Pave,NA,IR1,Lvl,AllPub,Corner,Gtl,Edwards,Norm,Norm,1Fam,1Story,4,3,1956,1956,Gable,CompShg,AsbShng,AsbShng,None,0,TA,TA,CBlock,TA,TA,No,Unf,0,Unf,0,672,672,GasA,Ex,Y,FuseA,960,0,0,960,0,0,1,0,3,1,TA,5,Typ,0,NA,Basment,1956,Unf,1,288,TA,TA,Y,64,0,0,0,160,0,NA,MnPrv,NA,0,10,2009,COD,Abnorml,112000
1125,80,RL,9125,Pave,NA,IR1,Lvl,AllPub,Inside,Gtl,Gilbert,Norm,Norm,1Fam,SLvl,7,5,1992,1992,Gable,CompShg,HdBoard,HdBoard,BrkFace,170,TA,TA,PConc,Gd,TA,No,Unf,0,Unf,0,384,384,GasA,Gd,Y,SBrkr,812,670,0,1482,0,0,2,1,3,1,Gd,7,Typ,1,TA,Attchd,1992,Fin,2,392,TA,TA,Y,100,25,0,0,0,0,NA,NA,NA,0,7,2007,WD,Normal,163900
1139,20,RL,9819,Pave,NA,IR1,Lvl,AllPub,Inside,Mod,Mitchel,Norm,Norm,1Fam,1Story,6,5,1977,1977,Gable,CompShg,Plywood,ImStucc,None,0,TA,TA,PConc,TA,TA,Gd,ALQ,1567,Unf,0,0,1567,GasA,TA,Y,SBrkr,1567,0,0,1567,1,0,2,0,2,1,Gd,5,Typ,2,TA,Attchd,1977,RFn,2,714,TA,TA,Y,264,32,0,0,0,0,NA,NA,NA,0,5,2009,WD,Normal,196000
1142,60,RL,10304,Pave,NA,IR1,Lvl,AllPub,CulDSac,Gtl,NWAmes,PosN,Norm,1Fam,2Story,5,7,1976,1976,Gable,CompShg,Plywood,Plywood,BrkFace,44,TA,Gd,CBlock,TA,TA,No,ALQ,381,Unf,0,399,780,GasA,Ex,Y,SBrkr,1088,780,0,1868,1,0,2,1,4,1,Gd,9,Typ,1,TA,Attchd,1976,Unf,2,484,TA,TA,Y,448,96,0,0,0,0,NA,NA,NA,0,10,2009,WD,Normal,197500
1144,20,RL,9000,Pave,NA,Reg,Lvl,AllPub,Inside,Gtl,Sawyer,Norm,Norm,1Fam,1Story,5,3,1959,1959,Gable,CompShg,Wd Sdng,Plywood,None,0,TA,TA,CBlock,TA,TA,No,GLQ,288,Unf,0,718,1006,GasA,TA,Y,SBrkr,1006,0,0,1006,0,0,1,0,3,1,TA,5,Typ,0,NA,NA,NA,NA,0,0,NA,NA,Y,0,24,0,0,0,0,NA,NA,NA,0,7,2008,WD,Normal,80000
1147,20,RL,11200,Pave,NA,Reg,Lvl,AllPub,Inside,Gtl,SawyerW,Norm,Norm,1Fam,1Story,6,5,1985,1985,Gable,CompShg,Wd Sdng,Wd Shng,BrkFace,85,Gd,TA,CBlock,Gd,TA,No,GLQ,1258,Unf,0,40,1298,GasA,TA,Y,SBrkr,1298,0,0,1298,1,0,2,0,3,1,Gd,5,Typ,1,TA,Attchd,1985,Unf,2,403,TA,TA,Y,165,26,0,0,0,0,NA,NA,NA,0,5,2006,WD,Normal,180000
1149,50,RM,5700,Pave,NA,Reg,Lvl,AllPub,Inside,Gtl,OldTown,Norm,Norm,1Fam,1.5Fin,7,7,1926,1950,Gable,CompShg,Wd Sdng,Wd Sdng,None,0,TA,TA,PConc,TA,TA,No,Unf,0,Unf,0,572,572,GasA,TA,Y,SBrkr,572,539,0,1111,0,0,1,0,2,1,TA,5,Typ,1,Gd,Detchd,1982,Unf,1,288,TA,TA,Y,0,0,176,0,0,0,NA,NA,NA,0,8,2008,WD,Normal,116900
1154,30,RM,5890,Pave,NA,Reg,Lvl,AllPub,Corner,Gtl,IDOTRR,Norm,Norm,1Fam,1Story,6,8,1930,2007,Gable,CompShg,Wd Sdng,Wd Sdng,None,0,Gd,Gd,BrkTil,TA,TA,Av,ALQ,538,Unf,0,278,816,GasA,Ex,Y,SBrkr,816,0,0,816,0,0,1,0,2,1,TA,5,Typ,0,NA,Detchd,2002,Unf,1,432,TA,TA,Y,0,0,96,0,0,0,NA,NA,NA,0,6,2008,WD,Normal,120500
1155,60,RL,13700,Pave,NA,IR1,Lvl,AllPub,Inside,Gtl,NAmes,Norm,Norm,1Fam,2Story,7,6,1965,1988,Gable,CompShg,VinylSd,VinylSd,Stone,288,TA,TA,CBlock,TA,TA,Gd,ALQ,454,Unf,0,410,864,GasA,TA,Y,SBrkr,902,918,0,1820,0,0,1,2,4,1,Gd,8,Typ,2,Gd,Attchd,1965,Unf,2,492,TA,TA,Y,60,84,0,0,273,0,NA,GdPrv,NA,0,5,2008,WD,Normal,201800
1162,20,RL,14778,Pave,NA,IR1,Low,AllPub,CulDSac,Gtl,Crawfor,PosN,Norm,1Fam,1Story,6,7,1954,2006,Hip,CompShg,HdBoard,HdBoard,BrkFace,72,Gd,TA,CBlock,TA,TA,No,BLQ,728,Unf,0,568,1296,GasA,Ex,Y,SBrkr,1640,0,0,1640,1,0,1,0,3,1,Gd,7,Typ,1,Gd,Detchd,1993,Unf,2,924,TA,TA,Y,108,0,0,216,0,0,NA,NA,NA,0,11,2008,WD,Normal,224000
1165,80,RL,16157,Pave,NA,IR1,Lvl,AllPub,FR2,Gtl,Veenker,Feedr,Norm,1Fam,SLvl,5,7,1978,1978,Gable,CompShg,Plywood,Plywood,None,0,TA,TA,PConc,Gd,TA,Gd,ALQ,680,Rec,391,289,1360,GasA,Ex,Y,SBrkr,1432,0,0,1432,1,0,1,1,2,1,Gd,5,Typ,1,TA,Attchd,1978,Unf,2,588,TA,TA,Y,168,180,0,0,0,0,NA,NA,NA,0,6,2007,WD,Normal,194000
1178,50,RM,3950,Pave,Grvl,Reg,Bnk,AllPub,Inside,Gtl,OldTown,Artery,Norm,1Fam,1.5Fin,6,8,1926,2004,Gable,CompShg,MetalSd,MetalSd,None,0,TA,TA,CBlock,TA,TA,No,Rec,468,Unf,0,350,818,GasA,TA,Y,SBrkr,818,406,0,1224,0,0,1,0,3,1,TA,5,Typ,0,NA,Detchd,1926,Unf,1,210,TA,TA,N,0,0,116,0,0,0,NA,NA,NA,0,12,2009,WD,Normal,115000
1181,60,RL,11170,Pave,NA,IR2,Lvl,AllPub,Corner,Gtl,Timber,Norm,Norm,1Fam,2Story,7,5,1990,1991,Gable,CompShg,MetalSd,MetalSd,None,0,TA,TA,Wood,Gd,TA,No,LwQ,1216,Unf,0,0,1216,GasA,Ex,Y,SBrkr,1298,1216,0,2514,0,0,2,1,4,1,TA,8,Typ,0,NA,Attchd,1990,Fin,2,693,TA,TA,Y,0,0,0,0,0,0,NA,GdPrv,NA,0,4,2006,WD,Normal,250000
1191,190,RL,32463,Pave,NA,Reg,Low,AllPub,Inside,Mod,Mitchel,Norm,Norm,2fmCon,1Story,4,4,1961,1975,Gable,CompShg,MetalSd,MetalSd,Stone,149,TA,Gd,CBlock,TA,TA,Av,BLQ,1159,Unf,0,90,1249,GasA,Ex,Y,SBrkr,1622,0,0,1622,1,0,1,0,3,1,TA,7,Typ,1,TA,2Types,1975,Fin,4,1356,TA,TA,Y,439,0,0,0,0,0,NA,NA,NA,0,3,2007,WD,Normal,168000
1194,120,RM,4500,Pave,NA,Reg,Lvl,AllPub,FR2,Gtl,Mitchel,Norm,Norm,TwnhsE,1Story,6,5,1999,1999,Hip,CompShg,VinylSd,VinylSd,BrkFace,425,TA,TA,PConc,Ex,TA,No,GLQ,883,Unf,0,341,1224,GasA,Ex,Y,SBrkr,1224,0,0,1224,1,0,2,0,2,1,TA,5,Typ,0,NA,Attchd,1999,Fin,2,402,TA,TA,Y,0,304,0,0,0,0,NA,NA,NA,0,6,2009,WD,Normal,165000
1207,20,RH,8900,Pave,NA,Reg,Lvl,AllPub,Inside,Gtl,SawyerW,Norm,Norm,1Fam,1Story,4,4,1966,1966,Gable,CompShg,HdBoard,HdBoard,None,0,TA,TA,CBlock,TA,TA,No,Rec,1056,Unf,0,0,1056,GasA,TA,Y,SBrkr,1056,0,0,1056,1,0,1,0,2,1,TA,5,Typ,0,NA,Detchd,1966,Unf,1,384,TA,TA,Y,0,42,0,0,0,0,NA,MnPrv,NA,0,11,2006,WD,Normal,107000
1214,80,RL,10246,Pave,NA,IR1,Lvl,AllPub,CulDSac,Gtl,Sawyer,Norm,Norm,1Fam,SLvl,4,9,1965,2001,Gable,CompShg,VinylSd,VinylSd,None,0,TA,Gd,CBlock,TA,Gd,Av,GLQ,648,Unf,0,0,648,GasA,Ex,Y,SBrkr,960,0,0,960,1,1,0,0,0,1,TA,3,Typ,0,NA,Attchd,1965,Unf,1,364,TA,TA,Y,88,0,0,0,0,0,NA,NA,NA,0,5,2006,WD,Normal,145000
1231,90,RL,18890,Pave,NA,IR1,Lvl,AllPub,Inside,Gtl,Sawyer,Feedr,RRAe,Duplex,1.5Fin,5,5,1977,1977,Shed,CompShg,Plywood,Plywood,None,1,TA,TA,CBlock,Gd,TA,No,GLQ,498,Rec,211,652,1361,GasA,Ex,Y,SBrkr,1361,1259,0,2620,0,0,2,2,4,2,TA,12,Typ,1,TA,BuiltIn,1977,RFn,2,600,TA,TA,N,155,24,145,0,0,0,NA,NA,Gar2,8300,8,2007,WD,Normal,190000
1234,20,RL,12160,Pave,NA,IR1,Lvl,AllPub,Inside,Gtl,NAmes,Norm,Norm,1Fam,1Story,5,5,1959,1959,Hip,CompShg,Plywood,Plywood,BrkFace,180,TA,TA,CBlock,TA,TA,No,Rec,1000,Unf,0,188,1188,GasA,Fa,Y,SBrkr,1188,0,0,1188,1,0,1,0,3,1,TA,6,Typ,0,NA,Attchd,1959,RFn,2,531,TA,TA,Y,0,0,0,0,0,0,NA,MnPrv,NA,0,5,2010,COD,Abnorml,142000
1245,70,RL,11435,Pave,NA,IR1,HLS,AllPub,Corner,Mod,Crawfor,Norm,Norm,1Fam,2Story,8,7,1929,1950,Gable,CompShg,BrkFace,Stucco,None,0,TA,TA,PConc,Gd,TA,No,Unf,0,Unf,0,792,792,GasA,Fa,Y,SBrkr,792,725,0,1517,0,0,1,0,3,1,Gd,7,Typ,2,Gd,Detchd,1931,Unf,2,400,TA,TA,Y,0,0,0,0,0,0,NA,NA,NA,0,6,2006,WD,Normal,230000
1248,80,RL,12328,Pave,NA,IR1,Lvl,AllPub,Inside,Gtl,Mitchel,Norm,Norm,1Fam,SLvl,6,5,1976,1976,Gable,CompShg,HdBoard,HdBoard,BrkFace,335,TA,TA,CBlock,TA,TA,Av,GLQ,539,Unf,0,473,1012,GasA,TA,Y,SBrkr,1034,0,0,1034,1,0,1,0,3,1,TA,6,Typ,0,NA,Attchd,1976,Unf,3,888,TA,TA,Y,0,0,0,0,0,0,NA,NA,NA,0,5,2010,WD,Normal,169900
1252,120,RL,3136,Pave,NA,IR1,Lvl,AllPub,Corner,Gtl,NridgHt,Norm,Norm,TwnhsE,1Story,7,5,2003,2003,Gable,CompShg,VinylSd,Wd Shng,Stone,163,Gd,TA,PConc,Gd,TA,No,Unf,0,Unf,0,1405,1405,GasA,Ex,Y,SBrkr,1405,0,0,1405,0,0,2,0,2,1,Gd,6,Typ,1,Gd,Attchd,2003,RFn,2,478,TA,TA,Y,148,36,0,0,0,0,NA,NA,NA,0,3,2006,WD,Normal,171750
1254,60,RL,17542,Pave,NA,IR1,Lvl,AllPub,Inside,Gtl,Veenker,Norm,Norm,1Fam,2Story,7,7,1974,2003,Gable,CompShg,Wd Sdng,Wd Sdng,None,0,Gd,TA,CBlock,TA,TA,Gd,LwQ,125,ALQ,1031,36,1192,GasA,TA,Y,SBrkr,1516,651,0,2167,1,0,2,1,3,1,Gd,9,Typ,2,Gd,Attchd,1974,RFn,2,518,TA,TA,Y,220,47,0,0,0,0,NA,MnPrv,NA,0,7,2007,WD,Normal,294000
1261,60,RL,24682,Pave,NA,IR3,Lvl,AllPub,CulDSac,Gtl,Gilbert,RRAn,Norm,1Fam,2Story,6,5,1999,1999,Gable,CompShg,VinylSd,VinylSd,None,0,TA,TA,PConc,Gd,TA,No,Unf,0,Unf,0,841,841,GasA,Ex,Y,SBrkr,892,783,0,1675,0,0,2,1,3,1,TA,7,Typ,1,TA,BuiltIn,1999,Fin,2,502,TA,TA,Y,0,103,0,0,0,0,NA,NA,NA,0,6,2009,WD,Normal,181000
1263,50,RL,11250,Pave,NA,Reg,Lvl,AllPub,Inside,Gtl,ClearCr,Norm,Norm,1Fam,1.5Fin,4,5,1957,1989,Gable,CompShg,Wd Sdng,Wd Sdng,None,0,TA,TA,CBlock,TA,TA,Av,Unf,0,Unf,0,1104,1104,GasA,Ex,Y,FuseA,1104,684,0,1788,1,0,1,0,5,1,TA,8,Min2,2,TA,Attchd,1957,Unf,1,304,TA,TA,Y,120,0,0,0,0,0,NA,NA,NA,0,11,2009,WD,Normal,161500
1269,50,RL,14100,Pave,NA,IR1,Lvl,AllPub,Inside,Mod,Crawfor,Norm,Norm,1Fam,1.5Fin,8,9,1935,1997,Gable,CompShg,Stucco,Stucco,BrkFace,632,TA,Gd,CBlock,TA,TA,Mn,Rec,192,Unf,0,536,728,GasA,Ex,Y,SBrkr,1968,1479,0,3447,0,0,3,1,4,1,Gd,11,Typ,2,Gd,BuiltIn,1982,Unf,3,1014,TA,TA,Y,314,12,0,0,0,0,NA,GdWo,NA,0,5,2008,WD,Normal,381000
1271,40,RL,23595,Pave,NA,Reg,Low,AllPub,Inside,Sev,ClearCr,Norm,Norm,1Fam,1Story,7,6,1979,1979,Shed,WdShake,Plywood,Plywood,None,0,Gd,TA,PConc,Gd,TA,Gd,GLQ,1258,Unf,0,74,1332,GasA,TA,Y,SBrkr,1332,192,0,1524,2,0,0,1,0,1,Gd,4,Typ,1,TA,Attchd,1979,Fin,2,586,TA,TA,Y,268,0,0,0,0,0,NA,NA,NA,0,4,2010,WD,Normal,260000
1272,20,RL,9156,Pave,NA,IR1,Lvl,AllPub,Inside,Gtl,NWAmes,PosN,Norm,1Fam,1Story,6,7,1968,1968,Hip,CompShg,BrkFace,BrkFace,None,0,TA,TA,CBlock,TA,TA,No,Unf,0,Unf,0,1489,1489,GasA,Gd,Y,SBrkr,1489,0,0,1489,0,0,2,0,3,1,Gd,7,Typ,1,Gd,Attchd,1968,RFn,2,462,TA,TA,Y,0,0,0,0,0,0,NA,NA,NA,0,8,2009,WD,Normal,185750
1273,20,RL,13526,Pave,NA,IR1,Lvl,AllPub,CulDSac,Gtl,Sawyer,Norm,Norm,1Fam,1Story,5,6,1965,1965,Hip,CompShg,HdBoard,Plywood,BrkFace,114,TA,TA,CBlock,TA,TA,No,BLQ,560,LwQ,375,0,935,GasA,TA,Y,SBrkr,935,0,0,935,1,0,1,0,3,1,TA,5,Typ,0,NA,Attchd,1965,Unf,1,288,TA,TA,Y,180,0,0,0,0,0,NA,MnPrv,NA,0,11,2006,WD,Normal,137000
1277,60,RL,12936,Pave,NA,IR1,Lvl,AllPub,CulDSac,Gtl,NWAmes,Norm,Norm,1Fam,2Story,6,6,1972,1972,Gable,CompShg,HdBoard,Plywood,None,0,TA,TA,CBlock,TA,Gd,No,BLQ,593,Unf,0,130,723,GasA,TA,Y,SBrkr,735,660,0,1395,0,1,1,1,3,1,TA,6,Typ,1,TA,Attchd,1972,Unf,2,497,TA,TA,Y,294,116,0,0,0,0,NA,NA,NA,0,12,2009,WD,Normal,162000
1278,80,RL,17871,Pave,NA,IR1,Lvl,AllPub,CulDSac,Gtl,NWAmes,Norm,Norm,1Fam,SLvl,6,5,1967,1976,Gable,CompShg,HdBoard,HdBoard,BrkFace,359,TA,TA,CBlock,Gd,TA,Av,ALQ,528,Unf,0,1152,1680,GasA,Fa,Y,SBrkr,1724,0,0,1724,1,0,1,1,3,1,TA,7,Typ,1,Gd,Attchd,1967,RFn,2,480,TA,TA,Y,0,0,0,0,0,0,NA,NA,NA,0,6,2009,WD,Normal,197900
1287,20,RL,9790,Pave,NA,Reg,Lvl,AllPub,Inside,Gtl,NWAmes,Feedr,Norm,1Fam,1Story,6,5,1963,1963,Hip,CompShg,HdBoard,HdBoard,BrkFace,451,TA,TA,CBlock,TA,TA,No,ALQ,569,Rec,81,678,1328,GasA,TA,Y,SBrkr,1328,0,0,1328,1,0,1,1,3,1,TA,6,Typ,2,Gd,Attchd,1963,Unf,2,528,TA,TA,Y,0,26,0,0,0,0,NA,NA,NA,0,6,2010,WD,Normal,143000
1288,20,RL,36500,Pave,NA,IR1,Low,AllPub,Inside,Mod,ClearCr,Norm,Norm,1Fam,1Story,5,5,1964,1964,Gable,CompShg,Wd Sdng,Wd Sdng,BrkCmn,621,TA,Gd,CBlock,TA,TA,Av,Rec,812,Unf,0,812,1624,GasA,Fa,Y,SBrkr,1582,0,0,1582,0,1,2,0,4,1,TA,7,Typ,0,NA,Attchd,1964,Unf,2,390,TA,TA,N,168,198,0,0,0,0,NA,NA,NA,0,6,2006,WD,Normal,190000
1291,80,RL,14112,Pave,NA,IR1,Lvl,AllPub,Corner,Gtl,NAmes,Norm,Norm,1Fam,SLvl,5,7,1964,1964,Hip,CompShg,Wd Sdng,HdBoard,BrkFace,86,TA,TA,PConc,TA,TA,Av,GLQ,1014,Unf,0,138,1152,GasA,TA,Y,SBrkr,1152,0,0,1152,1,0,1,0,3,1,TA,6,Typ,1,Gd,Attchd,1964,RFn,2,484,TA,TA,Y,227,0,0,0,0,0,NA,NA,NA,0,4,2010,WD,Normal,180500
1301,60,RL,10762,Pave,NA,IR1,Lvl,AllPub,CulDSac,Gtl,Gilbert,Norm,Norm,1Fam,2Story,7,5,1999,1999,Gable,CompShg,VinylSd,VinylSd,None,344,Gd,TA,PConc,Gd,TA,No,GLQ,694,Unf,0,284,978,GasA,Ex,Y,SBrkr,1005,978,0,1983,0,0,2,1,3,1,Gd,9,Typ,1,TA,Attchd,1999,Fin,2,490,TA,TA,Y,0,0,0,0,0,0,NA,NA,NA,0,5,2009,WD,Normal,225000
1302,70,RL,7500,Pave,NA,IR1,Bnk,AllPub,Inside,Gtl,Crawfor,Norm,Norm,1Fam,2Story,6,7,1942,1950,Gable,CompShg,Wd Sdng,Wd Sdng,None,0,TA,TA,CBlock,TA,TA,No,BLQ,547,Unf,0,224,771,GasA,Fa,Y,SBrkr,753,741,0,1494,0,0,1,0,3,1,Gd,7,Typ,2,Gd,Attchd,1942,Unf,1,213,TA,TA,P,0,0,0,0,224,0,NA,NA,NA,0,11,2009,WD,Normal,177500
1310,20,RL,7153,Pave,NA,Reg,Lvl,AllPub,Inside,Gtl,SawyerW,Norm,Norm,1Fam,1Story,6,5,1991,1991,Gable,CompShg,HdBoard,HdBoard,BrkFace,88,TA,TA,CBlock,Gd,TA,No,GLQ,1200,Unf,0,78,1278,GasA,Gd,Y,SBrkr,1294,0,0,1294,1,0,2,0,3,1,Gd,6,Typ,0,NA,Attchd,1991,RFn,2,496,TA,TA,Y,112,51,0,0,0,0,NA,GdWo,NA,0,6,2008,WD,Normal,179200
1313,60,RL,9572,Pave,NA,IR1,Lvl,AllPub,Inside,Gtl,NoRidge,Norm,Norm,1Fam,2Story,8,5,1990,1990,Gable,CompShg,Wd Sdng,Wd Sdng,BrkFace,336,Gd,TA,PConc,Ex,TA,No,GLQ,482,Unf,0,971,1453,GasA,Ex,Y,SBrkr,1453,1357,0,2810,0,0,2,1,4,1,Gd,9,Typ,1,Ex,Attchd,1990,RFn,2,750,Gd,Gd,Y,500,0,0,0,0,0,NA,NA,NA,0,6,2007,WD,Normal,302000
1319,20,RL,14781,Pave,NA,IR2,Lvl,AllPub,CulDSac,Gtl,CollgCr,Norm,Norm,1Fam,1Story,8,5,2001,2002,Hip,CompShg,VinylSd,VinylSd,BrkFace,178,Gd,TA,PConc,Gd,TA,Gd,Unf,0,Unf,0,1753,1753,GasA,Ex,Y,SBrkr,1787,0,0,1787,0,0,2,0,3,1,Gd,7,Typ,1,TA,Attchd,2001,RFn,3,748,TA,TA,Y,198,150,0,0,0,0,NA,NA,NA,0,8,2006,WD,Normal,275000
1322,20,RL,6627,Pave,NA,IR1,Lvl,AllPub,Corner,Gtl,BrkSide,Feedr,Norm,1Fam,1Story,3,6,1949,1950,Hip,CompShg,VinylSd,VinylSd,None,0,TA,TA,CBlock,NA,NA,NA,NA,0,NA,0,0,0,Floor,TA,N,SBrkr,720,0,0,720,0,0,1,0,2,1,TA,4,Typ,0,NA,Detchd,1955,Unf,1,287,TA,Fa,Y,0,0,0,0,0,0,NA,NA,NA,0,7,2008,WD,Normal,72500
1343,60,RL,9375,Pave,NA,Reg,Lvl,AllPub,Inside,Gtl,CollgCr,Norm,Norm,1Fam,2Story,8,5,2002,2002,Gable,CompShg,VinylSd,VinylSd,BrkFace,149,Gd,TA,PConc,Gd,TA,No,Unf,0,Unf,0,1284,1284,GasA,Ex,Y,SBrkr,1284,885,0,2169,0,0,2,1,3,1,Gd,7,Typ,1,Gd,Attchd,2002,RFn,2,647,TA,TA,Y,192,87,0,0,0,0,NA,NA,NA,0,8,2007,WD,Normal,228500
1347,20,RL,20781,Pave,NA,IR2,Lvl,AllPub,CulDSac,Gtl,NWAmes,PosN,Norm,1Fam,1Story,7,7,1968,2003,Hip,CompShg,BrkFace,HdBoard,None,0,TA,TA,CBlock,TA,TA,No,BLQ,297,Rec,68,1203,1568,GasA,TA,Y,SBrkr,2156,0,0,2156,0,0,2,0,3,1,TA,9,Typ,1,Gd,Attchd,1968,RFn,2,508,Gd,TA,Y,0,80,0,290,0,0,NA,NA,NA,0,6,2006,WD,Normal,262500
1349,20,RL,16196,Pave,NA,IR3,Low,AllPub,Inside,Gtl,SawyerW,Norm,Norm,1Fam,1Story,7,5,1998,1998,Gable,CompShg,VinylSd,VinylSd,None,0,Gd,TA,PConc,Gd,TA,Gd,GLQ,1443,Unf,0,39,1482,GasA,Ex,Y,SBrkr,1494,0,0,1494,1,0,2,0,3,1,Gd,5,Typ,1,Fa,Attchd,1998,RFn,2,514,TA,TA,Y,402,25,0,0,0,0,NA,NA,NA,0,8,2007,WD,Normal,215000
1355,60,RL,10316,Pave,NA,IR1,Lvl,AllPub,Inside,Gtl,CollgCr,Norm,Norm,1Fam,2Story,7,5,2000,2000,Gable,CompShg,VinylSd,VinylSd,None,0,Gd,TA,PConc,Gd,TA,No,GLQ,735,Unf,0,257,992,GasA,Ex,Y,SBrkr,992,873,0,1865,1,0,2,1,3,1,Gd,7,Typ,1,TA,Attchd,2000,RFn,3,839,TA,TA,Y,0,184,0,0,0,0,NA,NA,NA,0,6,2008,WD,Normal,235000
1357,20,RL,9477,Pave,NA,Reg,Lvl,AllPub,Corner,Gtl,NAmes,Norm,Norm,1Fam,1Story,5,5,1966,1966,Gable,CompShg,HdBoard,HdBoard,BrkFace,65,TA,TA,CBlock,TA,TA,No,Rec,340,Unf,0,524,864,GasA,TA,Y,SBrkr,892,0,0,892,0,0,1,0,3,1,TA,5,Typ,0,NA,Attchd,1966,RFn,1,264,TA,TA,Y,0,0,0,0,0,0,NA,GdWo,NA,0,10,2008,WD,Normal,110000
1358,20,RL,12537,Pave,NA,IR1,Lvl,AllPub,CulDSac,Gtl,NAmes,Norm,Norm,1Fam,1Story,5,6,1971,2008,Gable,CompShg,VinylSd,VinylSd,None,0,TA,TA,CBlock,TA,TA,No,GLQ,734,Unf,0,344,1078,GasA,Ex,Y,SBrkr,1078,0,0,1078,1,0,1,1,3,1,TA,6,Typ,1,Fa,Attchd,1971,Fin,2,500,TA,TA,Y,0,0,0,0,0,0,NA,NA,NA,0,4,2010,WD,Normal,149900
1359,160,FV,2117,Pave,NA,Reg,Lvl,AllPub,Inside,Gtl,Somerst,Norm,Norm,Twnhs,2Story,6,5,2000,2000,Gable,CompShg,MetalSd,MetalSd,BrkFace,216,Gd,TA,PConc,Gd,TA,No,GLQ,378,Unf,0,378,756,GasA,Ex,Y,SBrkr,769,804,0,1573,0,0,2,1,3,1,Gd,5,Typ,0,NA,Detchd,2000,Unf,2,440,TA,TA,Y,0,32,0,0,0,0,NA,NA,NA,0,6,2010,WD,Normal,177500
1363,50,RL,12513,Pave,NA,IR1,Lvl,AllPub,FR2,Gtl,NAmes,Feedr,Norm,1Fam,1.5Fin,4,4,1920,2007,Gable,CompShg,VinylSd,VinylSd,None,0,TA,Gd,BrkTil,TA,Fa,No,Unf,0,Unf,0,715,715,GasA,Gd,Y,SBrkr,1281,457,0,1738,0,0,2,0,4,1,TA,7,Typ,1,Gd,Attchd,1920,Unf,1,368,TA,TA,Y,55,0,0,0,0,0,NA,NA,NA,0,6,2009,WD,Normal,104900
1366,60,FV,7500,Pave,NA,Reg,Lvl,AllPub,Inside,Gtl,Somerst,Norm,Norm,1Fam,2Story,7,5,2000,2000,Gable,CompShg,VinylSd,VinylSd,None,0,Gd,TA,PConc,Gd,TA,No,GLQ,533,Unf,0,281,814,GasA,Ex,Y,SBrkr,814,860,0,1674,1,0,2,1,3,1,Gd,7,Typ,0,NA,Attchd,2000,RFn,2,663,TA,TA,Y,0,96,0,0,0,0,NA,NA,NA,0,1,2010,WD,Normal,216000
1369,120,RM,4435,Pave,NA,Reg,Lvl,AllPub,Inside,Gtl,CollgCr,Norm,Norm,TwnhsE,1Story,6,5,2003,2004,Gable,CompShg,VinylSd,VinylSd,BrkFace,170,Gd,TA,PConc,Gd,TA,Av,GLQ,685,Unf,0,163,848,GasA,Ex,Y,SBrkr,848,0,0,848,1,0,1,0,1,1,Gd,4,Typ,0,NA,Attchd,2003,Fin,2,420,TA,TA,Y,140,0,0,0,0,0,NA,NA,NA,0,6,2009,WD,Normal,144000
1374,20,RL,11400,Pave,NA,Reg,Lvl,AllPub,Inside,Gtl,NoRidge,Norm,Norm,1Fam,1Story,10,5,2001,2002,Hip,CompShg,VinylSd,VinylSd,BrkFace,705,Ex,TA,PConc,Ex,TA,Gd,GLQ,1282,Unf,0,1351,2633,GasA,Ex,Y,SBrkr,2633,0,0,2633,1,0,2,1,2,1,Ex,8,Typ,2,Gd,Attchd,2001,RFn,3,804,TA,TA,Y,314,140,0,0,0,0,NA,NA,NA,0,3,2007,WD,Normal,466500
1382,20,RL,12925,Pave,NA,IR1,Lvl,AllPub,Corner,Gtl,NAmes,Norm,Norm,1Fam,1Story,6,7,1970,1970,Gable,CompShg,BrkFace,Plywood,None,0,TA,TA,CBlock,TA,TA,Mn,BLQ,865,Unf,0,340,1205,GasA,Ex,Y,SBrkr,2117,0,0,2117,0,0,2,1,4,1,TA,7,Typ,2,Gd,Attchd,1970,Fin,2,550,TA,TA,Y,0,42,0,0,0,0,NA,NA,NA,0,5,2008,WD,Normal,237500
1384,30,RL,25339,Pave,NA,Reg,Lvl,AllPub,Inside,Gtl,Sawyer,Norm,Norm,1Fam,1Story,5,7,1918,2007,Gable,CompShg,Wd Sdng,Wd Sdng,None,0,TA,Gd,BrkTil,TA,TA,No,Unf,0,Unf,0,816,816,GasA,Ex,Y,SBrkr,1416,0,0,1416,0,0,2,0,3,1,Gd,7,Typ,0,NA,Attchd,2007,Unf,2,576,TA,TA,N,0,0,112,0,0,0,NA,NA,NA,0,8,2007,WD,Normal,112000
1397,20,RL,57200,Pave,NA,IR1,Bnk,AllPub,Inside,Sev,Timber,Norm,Norm,1Fam,1Story,5,5,1948,1950,Gable,CompShg,Wd Sdng,Wd Sdng,None,0,TA,TA,CBlock,TA,TA,Av,BLQ,353,Rec,334,60,747,GasA,TA,Y,SBrkr,1687,0,0,1687,1,0,1,0,3,1,TA,7,Min1,2,TA,Detchd,1966,Unf,2,572,TA,TA,N,0,0,50,0,0,0,NA,NA,NA,0,6,2010,WD,Normal,160000
1408,20,RL,8780,Pave,NA,IR1,Lvl,AllPub,Corner,Gtl,Mitchel,Norm,Norm,1Fam,1Story,5,5,1985,1985,Gable,CompShg,HdBoard,Plywood,None,0,TA,TA,CBlock,TA,TA,No,ALQ,625,Unf,0,208,833,GasA,Ex,Y,SBrkr,833,0,0,833,1,0,1,0,3,1,TA,5,Typ,0,NA,NA,NA,NA,0,0,NA,NA,Y,0,0,0,0,0,0,NA,MnPrv,NA,0,3,2009,WD,Normal,112000
1418,60,RL,16545,Pave,NA,IR1,Lvl,AllPub,Inside,Gtl,NoRidge,Norm,Norm,1Fam,2Story,8,5,1998,1998,Gable,CompShg,VinylSd,VinylSd,BrkFace,731,Gd,TA,PConc,Gd,TA,Mn,GLQ,781,Unf,0,503,1284,GasA,Ex,Y,SBrkr,1310,1140,0,2450,1,0,2,1,3,1,Gd,7,Typ,1,TA,Attchd,1998,Fin,3,1069,TA,TA,Y,0,126,0,0,0,0,NA,NA,NA,0,5,2009,WD,Normal,340000
1420,20,RL,16381,Pave,NA,IR1,Lvl,AllPub,Inside,Gtl,Crawfor,Norm,Norm,1Fam,1Story,6,5,1969,1969,Gable,CompShg,Plywood,Plywood,BrkFace,312,Gd,Gd,CBlock,TA,TA,Av,Rec,1110,Unf,0,734,1844,GasA,Gd,Y,SBrkr,1844,0,0,1844,1,0,2,0,3,1,Gd,7,Typ,1,TA,Attchd,1969,RFn,2,540,TA,TA,Y,0,73,216,0,0,0,NA,NA,NA,0,12,2006,WD,Normal,223000
1424,80,RL,19690,Pave,NA,IR1,Lvl,AllPub,CulDSac,Gtl,Edwards,Norm,Norm,1Fam,SLvl,6,7,1966,1966,Flat,Tar&Grv,Plywood,Plywood,None,0,Gd,Gd,CBlock,Gd,TA,Av,Unf,0,Unf,0,697,697,GasA,TA,Y,SBrkr,1575,626,0,2201,0,0,2,0,4,1,Gd,8,Typ,1,Gd,Attchd,1966,Unf,2,432,Gd,Gd,Y,586,236,0,0,0,738,Gd,GdPrv,NA,0,8,2006,WD,Alloca,274970
1425,20,RL,9503,Pave,NA,Reg,Lvl,AllPub,Inside,Gtl,NAmes,Norm,Norm,1Fam,1Story,5,5,1958,1983,Hip,CompShg,HdBoard,HdBoard,None,0,TA,TA,CBlock,TA,TA,No,ALQ,457,Rec,374,193,1024,GasA,TA,Y,SBrkr,1344,0,0,1344,1,0,1,0,2,1,TA,6,Min1,1,TA,Detchd,1970,Unf,1,484,TA,TA,Y,316,28,0,0,0,0,NA,GdWo,NA,0,6,2007,WD,Normal,144000
1430,20,RL,12546,Pave,NA,IR1,Lvl,AllPub,Corner,Gtl,NWAmes,Norm,Norm,1Fam,1Story,6,7,1981,1981,Gable,CompShg,MetalSd,MetalSd,BrkFace,310,Gd,Gd,CBlock,Gd,TA,No,BLQ,678,Unf,0,762,1440,GasA,Ex,Y,SBrkr,1440,0,0,1440,0,0,2,0,3,1,Gd,7,Typ,1,TA,Attchd,1981,Fin,2,467,TA,TA,Y,0,0,99,0,0,0,NA,NA,NA,0,4,2007,WD,Normal,182900
1432,120,RL,4928,Pave,NA,IR1,Lvl,AllPub,Inside,Gtl,NPkVill,Norm,Norm,TwnhsE,1Story,6,6,1976,1976,Gable,CompShg,Plywood,Plywood,None,0,TA,TA,CBlock,Gd,TA,No,LwQ,958,Unf,0,0,958,GasA,TA,Y,SBrkr,958,0,0,958,0,0,2,0,2,1,TA,5,Typ,0,NA,Attchd,1976,RFn,2,440,TA,TA,Y,0,60,0,0,0,0,NA,NA,NA,0,10,2009,WD,Normal,143750
1442,120,RM,4426,Pave,NA,Reg,Lvl,AllPub,Inside,Gtl,CollgCr,Norm,Norm,TwnhsE,1Story,6,5,2004,2004,Gable,CompShg,VinylSd,VinylSd,BrkFace,147,Gd,TA,PConc,Gd,TA,Av,GLQ,697,Unf,0,151,848,GasA,Ex,Y,SBrkr,848,0,0,848,1,0,1,0,1,1,Gd,3,Typ,1,TA,Attchd,2004,RFn,2,420,TA,TA,Y,149,0,0,0,0,0,NA,NA,NA,0,5,2008,WD,Normal,149300
1444,30,RL,8854,Pave,NA,Reg,Lvl,AllPub,Inside,Gtl,BrkSide,Norm,Norm,1Fam,1.5Unf,6,6,1916,1950,Gable,CompShg,Wd Sdng,Wd Sdng,None,0,TA,TA,BrkTil,TA,TA,No,Unf,0,Unf,0,952,952,Grav,Fa,N,FuseF,952,0,0,952,0,0,1,0,2,1,Fa,4,Typ,1,Gd,Detchd,1916,Unf,1,192,Fa,Po,P,0,98,0,0,40,0,NA,NA,NA,0,5,2009,WD,Normal,121000
1447,20,RL,26142,Pave,NA,IR1,Lvl,AllPub,CulDSac,Gtl,Mitchel,Norm,Norm,1Fam,1Story,5,7,1962,1962,Gable,CompShg,HdBoard,HdBoard,BrkFace,189,TA,TA,CBlock,TA,TA,No,Rec,593,Unf,0,595,1188,GasA,TA,Y,SBrkr,1188,0,0,1188,0,0,1,0,3,1,TA,6,Typ,0,NA,Attchd,1962,Unf,1,312,TA,TA,P,261,39,0,0,0,0,NA,NA,NA,0,4,2010,WD,Normal,157900